A000014,0,6.5,8.2,6,0,-4,4,-9,2,0,4,57,4,0,0,0,0,3.893939394,4,1,74,3,0,0,0,0,3.096385542,207.8405456
A000022,0,7.909090909,5.272727273,2,-8,-12,3,-1,1,5,0,76,6,0,0,0,0,2.715909091,7,1,44,6,0,0,0,0,4.050847458,208.6181974
A000103,0,0,0,0,0,0,0,0,0,0,0,0,0,0,0,0,0,0,0,0,0,0,0,0,0,0,0,212.1826004
A000109,1,0,0,0,0,0,0,0,0,0,0,0,0,0,0,0,0,0,0,0,0,0,0,0,0,0,0,101.8690214
A000121,1,0,0,0,0,0,0,0,0,0,0,0,0,0,0,0,0,0,0,0,0,0,0,0,0,0,0,46.48322772
A000189,0,0,0,0,0,0,0,0,0,0,0,0,0,0,0,0,0,0,0,0,0,0,0,0,0,0,0,210.0225358
A000211,0,5,2,5,0,0,3,2,0,0,1,9,0,0,0,0,0,5.818181818,0,0,4,0,0,0,0,0,12.8,191.5710583
A000209,0,15,0.5,17,4,0,1,1,0,0,0,30,0,0,0,0,0,5.35483871,0,0,1,0,0,0,0,0,83,208.9987506
A000210,0,39.25,5.833333333,5,-23,27,3,-6,1,13,3,452,3,0,0,0,0,2.716101695,1,2,61,6,0,0,0,0,18.05633803,202.4531421
A000212,0,4,2,4,0,0,2,0,0,1,0,3,0,0,0,0,0,3.8,0,0,1,1,0,0,0,0,6.333333333,209.042141
A000213,0,0,0,0,0,0,0,0,0,0,0,0,0,0,0,0,0,0,0,0,0,0,0,0,0,0,0,215.8025934
A000214,0,5.5,1.5,4,-3,0,1,-1,0,1,2,8,0,0,0,0,0,5.083333333,0,0,3,0,0,0,0,0,15.25,185.2487974
A000215,0,14,1.8,15,1,-8,1,1,-2,1,3,59,7,0,0,0,0,8.521126761,0,0,9,0,0,0,0,0,60.5,155.7457463
A000217,0,15.66666667,1.333333333,26,6,3,2,0,2,23,6,6,59,0,0,0,0,4.505263158,0,0,8,0,0,0,0,0,47.55555556,171.9534624
A000224,0,0,0,0,0,0,0,0,0,0,0,0,0,0,0,0,0,0,0,0,0,0,0,0,0,0,0,105.6942796
A000226,0,0,0,0,0,0,0,0,0,0,0,0,0,0,0,0,0,0,0,0,0,0,0,0,0,0,0,196.2671406
A000337,0,9,4,9,0,0,4,0,0,0,1,8,0,0,0,0,0,2.5,0,0,3,1,0,0,0,0,5,206.4033162
B000008,0,3,1,2,-2,0,1,0,0,0,1,5,0,0,0,0,0,3.714285714,0,0,2,0,0,0,0,0,8.666666667,191.7215479
B000072,0,0,0,0,0,0,0,0,0,0,0,0,0,0,0,0,0,0,0,0,0,0,0,0,0,0,0,206.5410442
B000104,0,3.714285714,3,1,-3,4,3,-5,5,1,0,25,0,0,0,0,0,3.62962963,0,0,17,4,0,0,0,0,4.454545455,195.3090641
B000153,0,0,0,0,0,0,0,0,0,0,0,0,0,0,0,0,0,0,0,0,0,0,0,0,0,0,0,211.3792911
B000179,0,4,1.2,6,3,0,0,-1,-1,0,0,18,2,0,0,0,0,6.857142857,0,0,6,0,0,0,0,0,20.57142857,175.1209737
B000204,0,0,0,0,0,0,0,0,0,0,0,0,0,0,0,0,0,0,0,0,0,0,0,0,0,0,0,317.7184218
B000213,0,0,0,0,0,0,0,0,0,0,0,0,0,0,0,0,0,0,0,0,0,0,0,0,0,0,0,194.3647161
B000229,0,5.4,2.4,5,1,-3,2,0,-4,0,1,26,0,0,0,0,0,4.642857143,0,1,11,0,0,0,0,0,10,183.4368741
B000318,0,22.33333333,2,3,-31,4,1,-2,1,0,1,9,57,0,0,0,0,7.058823529,0,2,4,0,0,0,0,0,68.57142857,139.070431
B000371,0,0,0,0,0,0,0,0,0,0,0,0,0,0,0,0,0,0,0,0,0,0,0,0,0,0,0,180.0318034
B000392,0,9.5,2.5,6,-7,0,4,3,0,3,2,13,1,0,0,0,0,3.6,2,0,3,0,0,0,0,0,12,129.5186104
B000403,0,0,0,0,0,0,0,0,0,0,0,0,0,0,0,0,0,0,0,0,0,0,0,0,0,0,0,206.4637872
B000410,0,4.727272727,7.272727273,10,2,-1,12,9,-6,1,4,42,5,0,0,0,0,6.924528302,8,1,60,11,0,0,0,0,4.530864198,197.3771704
B000431,0,2.666666667,0,1,-2,-1,0,0,0,0,0,8,0,0,0,0,0,76.11111111,0,0,0,0,0,0,0,0,685,183.4379458
B000462,0,4.5,1.5,5,1,0,1,-1,0,0,0,9,0,0,0,0,0,9.9,0,0,3,0,0,0,0,0,24.75,192.4808386
B000463,0,7.25,1.5,9,4,2,0,-1,1,3,0,53,2,0,0,0,0,3.762711864,2,0,9,1,0,0,0,0,17.07692308,207.9564237
B000517,0,4.5,2,6,3,0,4,4,0,0,1,7,1,0,0,0,0,2.9,1,0,3,0,0,0,0,0,5.8,175.4048615
B000551,0,0,0,0,0,0,0,0,0,0,0,0,0,0,0,0,0,0,0,0,0,0,0,0,0,0,0,0
B000556,0,6.6,3,9,2,0,3,0,-1,1,1,25,6,0,0,0,0,6.323529412,2,1,12,0,0,0,0,0,13.4375,173.9593756
B000586,0,0,0,0,0,0,0,0,0,0,0,0,0,0,0,0,0,0,0,0,0,0,0,0,0,0,0,214.7746022
B000589,0,5.538461538,2.538461538,1,1,-5,0,0,-1,9,2,20,41,0,0,0,0,5.02739726,0,0,27,6,0,0,0,0,10.79411765,172.4953304
B000619,0,6.5,3,5,3,1,3,2,-5,0,0,13,26,0,0,0,0,5.7,1,0,17,0,0,0,0,0,12,174.7102098
B000644,0,2.5,2,4,4,-3,1,-3,2,0,0,15,0,0,0,0,0,3.375,0,0,12,0,0,0,0,0,4.153846154,187.7779155
B000657,0,2.8,3.7,3,-6,8,3,-2,-4,0,1,26,1,0,0,0,0,5.068965517,1,1,32,3,0,0,0,0,3.868421053,209.8630511
B000711,1,5,3,5,0,0,3,0,0,0,0,5,0,444,3,5,48,2.588932806,0,0,3,0,431,11,2,59,2.58382643,209.8686147
B000817,0,1.666666667,2,2,-1,3,2,-2,4,0,1,3,1,0,0,0,0,4.666666667,0,0,6,0,0,0,0,0,4,174.2202537
B000880,0,16.5,0.5,18,3,0,1,1,0,2,0,27,4,0,0,0,0,17.32352941,0,0,1,0,0,0,0,0,294.5,183.2807214
B000890,0,3,4,3,0,0,4,0,0,0,0,3,0,0,0,0,0,3,3,0,0,1,0,0,0,0,2.4,143.2188108
B000897,0,5,0.333333333,8,4,1,0,-1,1,2,0,13,0,0,0,0,0,4.9375,0,0,1,0,0,0,0,0,39.5,172.1595183
B000918,0,0,0,0,0,0,0,0,0,0,0,0,0,0,0,0,0,0,0,0,0,0,0,0,0,0,0,168.3614518
B000971,0,0,0,0,0,0,0,0,0,0,0,0,0,0,0,0,0,0,0,0,0,0,0,0,0,0,0,191.6327583
B000997,0,6.666666667,4.333333333,5,-3,1,5,2,-2,1,0,17,2,0,0,0,0,3.19047619,1,0,12,0,0,0,0,0,4.785714286,162.2712394
B001066,1,3.5,1.25,8,7,-2,2,0,1,0,0,14,0,86,0,0,4,2.238095238,0,0,5,0,44,1,2,13,3.560606061,133.9018581
B001149,0,12.63636364,7.272727273,6,-8,-39,15,-9,10,5,0,114,20,0,0,0,0,2.721428571,3,2,66,9,0,0,0,0,4.703703704,168.3109302
B001172,0,0,0,0,0,0,0,0,0,0,0,0,0,0,0,0,0,0,0,0,0,0,0,0,0,0,0,190.5665403
B001220,0,0,0,0,0,0,0,0,0,0,0,0,0,0,0,0,0,0,0,0,0,0,0,0,0,0,0,190.3170508
C000052,0,4.666666667,1.333333333,8,1,3,3,2,-2,1,0,26,1,0,0,0,0,30.62068966,1,0,7,0,0,0,0,0,98.66666667,171.9229133
C000071,0,4.916666667,1.416666667,10,-2,9,0,-1,-2,2,0,54,3,0,0,0,0,5.666666667,0,0,15,2,0,0,0,0,18.88888889,186.8955247
C000077,1,6,0,6,0,0,0,0,0,1,0,5,0,186,4,2,15,6.014018692,0,0,0,0,84,2,2,3,13.98913043,189.4703125
C000100,0,14.75,5.75,25,9,13,9,4,1,8,3,47,1,0,0,0,0,2.466666667,2,0,17,4,0,0,0,0,6.166666667,147.8742264
C000141,1,5.375,4.375,9,4,-2,4,2,-4,0,0,43,0,179,2,2,45,2.753676471,4,1,28,2,211,3,1,93,2.177325581,187.76414
C000174,1,15,2,15,0,0,2,0,0,0,0,15,0,205,0,0,11,2.581896552,0,0,2,0,150,1,0,20,3.442528736,181.8372462
C000178,0,8,1,10,4,0,2,2,0,0,0,15,1,0,0,0,0,20.35294118,0,0,1,1,0,0,0,0,115.3333333,173.6169892
C000293,0,0,0,0,0,0,0,0,0,0,0,0,0,0,0,0,0,0,0,0,0,0,0,0,0,0,0,148.5790277
C000312,0,1,1.333333333,1,-1,2,1,-2,3,0,0,3,0,0,0,0,0,4.25,0,0,4,0,0,0,0,0,3.4,166.5341859
C000488,0,0,0,0,0,0,0,0,0,0,0,0,0,0,0,0,0,0,0,0,0,0,0,0,0,0,0,149.3820299
C000503,0,2.333333333,1.833333333,3,2,-3,3,-1,0,0,1,13,0,0,0,0,0,2.533333333,0,0,11,0,0,0,0,0,3.166666667,186.0590053
C000523,0,0,0,0,0,0,0,0,0,0,0,0,0,0,0,0,0,0,0,0,0,0,0,0,0,0,0,141.3422762
C000556,0,18.75,2.5,1,-24,24,3,-4,0,5,1,217,2,0,0,0,0,4.203539823,0,0,27,3,0,0,0,0,30.64516129,159.033552
C000621,0,5,2,6,3,-3,2,-1,2,0,0,14,1,0,0,0,0,6.125,0,0,6,0,0,0,0,0,14,152.0710674
C000618,0,0,0,0,0,0,0,0,0,0,0,0,0,0,0,0,0,0,0,0,0,0,0,0,0,0,0,133.1153241
C000634,0,27,2.333333333,29,1,4,3,1,0,4,7,70,0,0,0,0,0,3.207317073,0,0,7,0,0,0,0,0,32.875,138.5073367
C000633,0,2.666666667,0.666666667,2,-3,4,0,-2,2,0,0,8,0,0,0,0,0,4.111111111,0,0,2,0,0,0,0,0,12.33333333,136.9023815
C000646,0,0,0,0,0,0,0,0,0,0,0,0,0,0,0,0,0,0,0,0,0,0,0,0,0,0,0,0
C000653,0,2.142857143,0.714285714,0,-3,2,0,0,-1,0,2,9,4,0,0,0,0,23.1875,0,1,4,0,0,0,0,0,61.83333333,164.7796465
C000670,0,0,0,0,0,0,0,0,0,0,0,0,0,0,0,0,0,0,0,0,0,0,0,0,0,0,0,169.0706522
C000709,0,0,0,0,0,0,0,0,0,0,0,0,0,0,0,0,0,0,0,0,0,0,0,0,0,0,0,276.706044
C000714,0,0,0,0,0,0,0,0,0,0,0,0,0,0,0,0,0,0,0,0,0,0,0,0,0,0,0,137.8944784
C000794,0,2.636363636,2.909090909,5,2,1,1,-3,2,0,0,28,1,0,0,0,0,6.2,6,0,26,0,0,0,0,0,5.636363636,172.5523576
C000807,0,0,0,0,0,0,0,0,0,0,0,0,0,0,0,0,0,0,0,0,0,0,0,0,0,0,0,142.8543505
C000830,0,5.25,4.875,1,-7,0,2,-1,2,1,1,31,9,0,0,0,0,6.581395349,1,1,34,3,0,0,0,0,7.075,163.9407534
C000836,0,0,0,0,0,0,0,0,0,0,0,0,0,0,0,0,0,0,0,0,0,0,0,0,0,0,0,175.3441001
C000846,0,5.5,1.333333333,17,14,0,1,0,-2,0,1,32,0,0,0,0,0,2.558823529,0,0,7,1,0,0,0,0,9.666666667,157.5614106
C000868,0,0,0,0,0,0,0,0,0,0,0,0,0,0,0,0,0,0,0,0,0,0,0,0,0,0,0,187.8490746
C000873,0,14.14285714,1.714285714,11,0,2,1,1,-3,3,5,87,4,0,0,0,0,5.08,0,0,12,0,0,0,0,0,39.07692308,138.3060735
C000994,0,0,0,0,0,0,0,0,0,0,0,0,0,0,0,0,0,0,0,0,0,0,0,0,0,0,0,173.4655987
D000044,0,0,0,0,0,0,0,0,0,0,0,0,0,0,0,0,0,0,0,0,0,0,0,0,0,0,0,56.81896085
D000051,0,0,0,0,0,0,0,0,0,0,0,0,0,0,0,0,0,0,0,0,0,0,0,0,0,0,0,168.6672678
D000131,0,0,0,0,0,0,0,0,0,0,0,0,0,0,0,0,0,0,0,0,0,0,0,0,0,0,0,143.4204171
D000203,0,0,0,0,0,0,0,0,0,0,0,0,0,0,0,0,0,0,0,0,0,0,0,0,0,0,0,155.168843
D000209,0,11,2.5,17,12,0,2,-1,0,0,0,22,0,0,0,0,0,8.347826087,0,0,5,0,0,0,0,0,32,78.5
D000217,0,0,0,0,0,0,0,0,0,0,0,0,0,0,0,0,0,0,0,0,0,0,0,0,0,0,0,150.4830892
D000222,0,9.5,8.25,2,1,-9,9,-3,3,4,2,26,6,0,0,0,0,15.07692308,2,0,30,1,0,0,0,0,17.29411765,113.685228
D000267,0,39.5,1,44,9,0,2,2,0,2,0,4,73,0,0,0,0,7.7625,0,0,2,0,0,0,0,0,207,166.6417792
D000326,0,0,0,0,0,0,0,0,0,0,0,0,0,0,0,0,0,0,0,0,0,0,0,0,0,0,0,114.6772898
D000327,0,3.545454545,5.545454545,4,0,-1,9,-2,4,0,0,38,1,0,0,0,0,9.9,1,2,50,8,0,0,0,0,6.387096774,168.0767299
D000355,0,7.583333333,4,1,-4,-2,1,-3,2,1,4,72,14,0,0,0,0,4.010869565,1,0,44,3,0,0,0,0,7.530612245,150.9399531
D000373,0,1.6,1.2,0,0,0,2,0,1,0,0,8,0,0,0,0,0,51.33333333,0,0,6,0,0,0,0,0,66,147.4554415
D000416,0,0,0,0,0,0,0,0,0,0,0,0,0,0,0,0,0,0,0,0,0,0,0,0,0,0,0,160.3257394
D000424,0,1.714285714,3.428571429,0,-1,-2,4,1,1,0,1,9,2,0,0,0,0,2.538461538,1,0,23,0,0,0,0,0,1.32,164.2966753
D000429,0,6.666666667,3.111111111,7,1,-3,1,-6,2,0,4,53,3,0,0,0,0,8.704918033,0,2,24,2,0,0,0,0,18.31034483,144.595175
D000432,1,14,2,14,0,0,2,0,0,1,0,12,1,154,1,2,11,2.650273224,0,0,2,0,174,0,2,14,2.512953368,147.7927196
D000435,0,10.33333333,5.333333333,18,12,-1,1,-12,11,4,4,19,4,0,0,0,0,1.90625,0,1,15,0,0,0,0,0,3.588235294,87.72336232
D000471,0,0,0,0,0,0,0,0,0,0,0,0,0,0,0,0,0,0,0,0,0,0,0,0,0,0,0,166.2099082
D000492,0,17.72727273,1.636363636,29,27,-4,3,2,0,7,2,48,138,0,0,0,0,6.474489796,0,0,15,3,0,0,0,0,66.78947368,154.9103468
D000533,0,0,0,0,0,0,0,0,0,0,0,0,0,0,0,0,0,0,0,0,0,0,0,0,0,0,0,129.1502529
D000563,1,0,0,0,0,0,0,0,0,0,0,0,0,106,0,1,11,2.151260504,0,0,0,0,166,1,2,59,1.11790393,134.7639371
D000586,0,0,0,0,0,0,0,0,0,0,0,0,0,0,0,0,0,0,0,0,0,0,0,0,0,0,0,173.6051466
D000592,0,0,0,0,0,0,0,0,0,0,0,0,0,0,0,0,0,0,0,0,0,0,0,0,0,0,0,164.2608639
E000013,0,0,0,0,0,0,0,0,0,0,0,0,0,0,0,0,0,0,0,0,0,0,0,0,0,0,0,150.1495312
E000031,0,0,0,0,0,0,0,0,0,0,0,0,0,0,0,0,0,0,0,0,0,0,0,0,0,0,0,159.3362489
E000077,0,0,0,0,0,0,0,0,0,0,0,0,0,0,0,0,0,0,0,0,0,0,0,0,0,0,0,116.5258454
E000064,0,5.5,3,5,-1,0,4,2,0,0,0,11,0,0,0,0,0,5.666666667,0,0,6,0,0,0,0,0,9.714285714,148.528737
E000063,0,3.3,0.8,8,5,-1,5,5,-2,1,0,28,4,0,0,0,0,10.94117647,0,0,7,1,0,0,0,0,41.33333333,169.279915
E000174,0,11.33333333,4.333333333,14,1,6,2,-4,1,1,8,25,0,0,0,0,0,4.057142857,2,0,8,3,0,0,0,0,10.14285714,111.1986295
E000179,0,9.866666667,6.8,16,3,4,6,-3,2,6,6,125,11,0,0,0,0,2.939597315,9,2,78,13,0,0,0,0,4.252427184,143.9225331
E000184,0,0,0,0,0,0,0,0,0,0,0,0,0,0,0,0,0,0,0,0,0,0,0,0,0,0,0,139.9108051
E000201,0,14,1,14,0,0,1,0,0,0,2,12,0,0,0,0,0,4.933333333,0,0,1,0,0,0,0,0,37,156.3479485
E000218,0,2,0.5,1,-2,0,0,-1,0,0,0,4,0,0,0,0,0,2.8,0,0,1,0,0,0,0,0,7,97.61196525
E000250,0,0,0,0,0,0,0,0,0,0,0,0,0,0,0,0,0,0,0,0,0,0,0,0,0,0,0,148.613083
E000282,0,2.6,0.6,2,-1,-1,0,0,-1,1,0,9,3,0,0,0,0,4.928571429,0,0,3,0,0,0,0,0,17.25,126.0310544
F000010,0,0.666666667,0.583333333,3,-2,5,3,-1,4,0,0,8,0,0,0,0,0,3.888888889,0,0,6,1,0,0,0,0,4.375,59.58333333
F000041,0,0,0,0,0,0,0,0,0,0,0,0,0,0,0,0,0,0,0,0,0,0,0,0,0,0,0,155.704193
F000049,0,2.75,2.5,2,-5,7,0,-2,0,0,0,11,0,0,0,0,0,4.166666667,0,0,10,0,0,0,0,0,4.545454545,109.0300397
F000053,0,14.25,2,21,7,6,2,-2,3,0,2,23,32,0,0,0,0,9.120689655,0,0,8,0,0,0,0,0,58.77777778,130.0973507
F000059,0,0,0,0,0,0,0,0,0,0,0,0,0,0,0,0,0,0,0,0,0,0,0,0,0,0,0,155.6411254
F000111,0,0,0,0,0,0,0,0,0,0,0,0,0,0,0,0,0,0,0,0,0,0,0,0,0,0,0,91.60512253
F000141,0,0,0,0,0,0,0,0,0,0,0,0,0,0,0,0,0,0,0,0,0,0,0,0,0,0,0,125.379185
F000184,0,2.5,2,1,-1,0,1,-2,0,0,0,9,1,0,0,0,0,1.818181818,1,0,7,0,0,0,0,0,2.222222222,129.9425935
F000235,0,0,0,0,0,0,0,0,0,0,0,0,0,0,0,0,0,0,0,0,0,0,0,0,0,0,0,123.2480652
F000239,0,0,0,0,0,0,0,0,0,0,0,0,0,0,0,0,0,0,0,0,0,0,0,0,0,0,0,85.7161882
F000270,0,3,8,5,4,0,5,-6,0,1,0,4,1,0,0,0,0,4.571428571,0,1,15,0,0,0,0,0,1.882352941,140.391673
F000261,0,0,0,0,0,0,0,0,0,0,0,0,0,0,0,0,0,0,0,0,0,0,0,0,0,0,0,129.1664019
F000339,0,20.72727273,11.63636364,20,-1,-9,7,-4,-12,3,5,216,4,0,0,0,0,4.554585153,1,0,125,2,0,0,0,0,8.085271318,130.829645
F000348,0,12,1.666666667,9,-16,23,2,0,1,2,4,28,2,0,0,0,0,1.918918919,1,0,4,0,0,0,0,0,11.83333333,107.9448047
F000392,0,14.71428571,17.28571429,4,-18,7,33,13,4,3,0,12,88,0,0,0,0,5.509615385,11,4,100,6,0,0,0,0,4.696721311,151.1340383
F000435,0,0,0,0,0,0,0,0,0,0,0,0,0,0,0,0,0,0,0,0,0,0,0,0,0,0,0,0
G000021,0,8.090909091,2.636363636,12,-4,7,3,-1,-2,3,0,73,13,0,0,0,0,4.311111111,2,0,25,2,0,0,0,0,12.93333333,148.0108589
G000025,0,1.5,2.5,0,-3,0,1,-3,0,0,0,3,0,0,0,0,0,1.5,0,0,5,0,0,0,0,0,1,119.5975535
G000105,0,0,0,0,0,0,0,0,0,0,0,0,0,0,0,0,0,0,0,0,0,0,0,0,0,0,0,156.584074
G000120,0,5.2,4.4,5,4,-5,15,13,0,2,0,23,1,0,0,0,0,6.703703704,5,0,14,3,0,0,0,0,7.869565217,125.9557049
G000121,0,11.83333333,2,17,7,1,5,4,-2,4,2,60,5,0,0,0,0,5.416666667,2,0,10,0,0,0,0,0,30,133.2659793
G000132,0,0,0,0,0,0,0,0,0,0,0,0,0,0,0,0,0,0,0,0,0,0,0,0,0,0,0,140.1046013
G000134,0,3.666666667,2.333333333,4,0,1,3,1,0,2,0,9,0,0,0,0,0,2.25,1,0,6,0,0,0,0,0,3.375,122.8855169
G000153,0,7,1.333333333,5,-5,4,3,2,1,0,0,17,4,0,0,0,0,6.272727273,1,0,3,0,0,0,0,0,27.6,116.704614
G000180,0,7,3.444444444,1,-6,-1,4,-1,2,3,0,59,1,0,0,0,0,5.734375,1,1,26,3,0,0,0,0,11.46875,150.1203683
G000210,0,5.555555556,3.444444444,6,-4,7,4,-4,4,1,2,42,5,0,0,0,0,2.647058824,0,0,30,1,0,0,0,0,4.21875,147.4925822
G000212,0,22.33333333,11,13,-18,-4,10,-4,1,14,1,105,14,0,0,0,0,7.948148148,16,2,42,6,0,0,0,0,16.01492537,144.7033237
G000225,0,5.25,2.25,2,0,-5,6,4,2,1,2,14,4,0,0,0,0,3.772727273,1,0,8,0,0,0,0,0,8.3,76.63299497
G000240,0,12,2,16,8,0,2,0,0,0,0,15,9,0,0,0,0,9.16,0,0,4,0,0,0,0,0,45.8,136.96446
G000272,0,12,2.25,3,-1,-13,2,-4,5,0,4,37,7,0,0,0,0,9.204081633,0,1,8,0,0,0,0,0,45.1,116.9450058
G000291,0,9,6.6,9,3,-4,4,-1,2,4,1,35,5,0,0,0,0,4.326086957,0,2,30,1,0,0,0,0,5.852941176,118.2947612
G000309,0,7.6,4.6,11,6,2,7,-3,0,1,0,30,45,0,0,0,0,6.649350649,2,2,39,3,0,0,0,0,10.89361702,153.0340842
G000336,0,21.14285714,1.428571429,4,-20,-12,0,-1,0,6,0,38,104,0,0,0,0,9.322147651,0,0,9,1,0,0,0,0,126.2727273,132.3291786
G000349,0,0,0,0,0,0,0,0,0,0,0,0,0,0,0,0,0,0,0,0,0,0,0,0,0,0,0,26.40592962
G000371,0,5.5,1,8,5,0,2,2,0,0,0,11,0,0,0,0,0,4.25,0,0,2,0,0,0,0,0,17,88.78402245
G000402,0,0,0,0,0,0,0,0,0,0,0,0,0,0,0,0,0,0,0,0,0,0,0,0,0,0,0,180.3990573
G000417,0,0,0,0,0,0,0,0,0,0,0,0,0,0,0,0,0,0,0,0,0,0,0,0,0,0,0,112.313748
G000511,0,0,0,0,0,0,0,0,0,0,0,0,0,0,0,0,0,0,0,0,0,0,0,0,0,0,0,139.6038313
G000524,0,7,3,4,-1,-7,0,-1,-7,0,0,21,0,0,0,0,0,2.909090909,0,0,9,0,0,0,0,0,6.4,101.2510902
H000067,0,2.846153846,3.461538462,4,-3,2,4,2,-9,2,2,26,6,0,0,0,0,5.081081081,2,1,34,6,0,0,0,0,4.272727273,122.2459388
H000074,0,8.166666667,1.5,0,-1,-1,2,0,2,1,1,8,39,0,0,0,0,6.7,1,0,7,1,0,0,0,0,33.5,140.4511935
H000114,0,8.25,3.5,2,-5,-15,6,-1,6,3,0,20,10,0,0,0,0,11.58823529,0,1,11,2,0,0,0,0,26.26666667,119.5043622
H000124,0,0,0,0,0,0,0,0,0,0,0,0,0,0,0,0,0,0,0,0,0,0,0,0,0,0,0,87.8928369
H000151,0,0,0,0,0,0,0,0,0,0,0,0,0,0,0,0,0,0,0,0,0,0,0,0,0,0,0,40.68816582
H000172,0,10.83333333,3.5,21,5,8,2,-2,3,2,0,59,4,0,0,0,0,10.90909091,2,0,14,5,0,0,0,0,32.72727273,118.8369699
H000236,0,0,2,0,0,0,2,0,0,0,0,0,0,0,0,0,0,0,0,0,2,0,0,0,0,0,0,137.1169284
H000323,0,1.666666667,0.888888889,0,-5,3,3,3,0,0,0,12,3,0,0,0,0,2.3125,2,0,5,1,0,0,0,0,4.111111111,94.76256463
H000340,0,0,0,0,0,0,0,0,0,0,0,0,0,0,0,0,0,0,0,0,0,0,0,0,0,0,0,147.8346776
H000390,0,3.5,3,3,0,-2,4,0,0,0,2,9,0,0,0,0,0,5.583333333,0,0,8,0,0,0,0,0,7.444444444,88.20500096
H000388,0,0,0,0,0,0,0,0,0,0,0,0,0,0,0,0,0,0,0,0,0,0,0,0,0,0,0,116.9621677
H000444,0,11.5,3.625,5,-7,-9,1,-7,-3,1,3,84,4,0,0,0,0,4.903225806,4,0,22,3,0,0,0,0,15.2,110.2505422
H000448,0,0,0,0,0,0,0,0,0,0,0,0,0,0,0,0,0,0,0,0,0,0,0,0,0,0,0,117.1424788
H000514,0,5,2,1,-8,0,1,-2,0,0,0,10,0,0,0,0,0,2.181818182,1,0,3,0,0,0,0,0,4.8,110.7108656
H000528,0,7.818181818,3.909090909,7,2,-5,2,-7,3,0,1,84,1,0,0,0,0,5.586206897,0,1,42,0,0,0,0,0,11.04545455,117.0005879
H000547,0,0,0,0,0,0,0,0,0,0,0,0,0,0,0,0,0,0,0,0,0,0,0,0,0,0,0,131.6689708
H000652,0,0,0,0,0,0,0,0,0,0,0,0,0,0,0,0,0,0,0,0,0,0,0,0,0,0,0,127.0588107
H000666,0,0,0,0,0,0,0,0,0,0,0,0,0,0,0,0,0,0,0,0,0,0,0,0,0,0,0,130.4445516
H000670,0,6.5,3,5,-3,0,4,2,0,0,0,13,0,0,0,0,0,2.214285714,1,1,4,0,0,0,0,0,4.428571429,124.7846462
H000729,0,0,0,0,0,0,0,0,0,0,0,0,0,0,0,0,0,0,0,0,0,0,0,0,0,0,0,74.70687128
H000776,0,0,0,0,0,0,0,0,0,0,0,0,0,0,0,0,0,0,0,0,0,0,0,0,0,0,0,83.34404832
H000788,0,0,0,0,0,0,0,0,0,0,0,0,0,0,0,0,0,0,0,0,0,0,0,0,0,0,0,133.9806353
H000797,0,0,0,0,0,0,0,0,0,0,0,0,0,0,0,0,0,0,0,0,0,0,0,0,0,0,0,115.4753838
H000814,0,0,0,0,0,0,0,0,0,0,0,0,0,0,0,0,0,0,0,0,0,0,0,0,0,0,0,123.887556
H000878,0,0,0,0,0,0,0,0,0,0,0,0,0,0,0,0,0,0,0,0,0,0,0,0,0,0,0,113.9309138
H000901,0,0,0,0,0,0,0,0,0,0,0,0,0,0,0,0,0,0,0,0,0,0,0,0,0,0,0,124.8001855
H000930,0,14,8.5,19,10,0,15,13,0,0,1,27,0,0,0,0,0,5.413793103,0,0,17,0,0,0,0,0,8.722222222,110.035921
H000981,0,0,0,0,0,0,0,0,0,0,0,0,0,0,0,0,0,0,0,0,0,0,0,0,0,0,0,111.6810054
H001018,0,0,0,0,0,0,0,0,0,0,0,0,0,0,0,0,0,0,0,0,0,0,0,0,0,0,0,108.2707467
H001022,0,0,0,0,0,0,0,0,0,0,0,0,0,0,0,0,0,0,0,0,0,0,0,0,0,0,0,122.9989181
I000024,1,1.5,2,0,-3,0,1,-2,0,0,1,2,0,233,3,4,45,3.093425606,0,0,4,0,272,10,3,51,2.62170088,58.39561237
I000029,0,0,0,0,0,0,0,0,0,0,0,0,0,0,0,0,0,0,0,0,0,0,0,0,0,0,0,80.02030304
J000033,0,0,0,0,0,0,0,0,0,0,0,0,0,0,0,0,0,0,0,0,0,0,0,0,0,0,0,78.42507151
J000047,0,2,0,2,0,0,0,0,0,0,0,1,1,0,0,0,0,1.666666667,0,0,0,0,0,0,0,0,5,64.4094797
J000070,0,7.444444444,4.777777778,23,2,18,5,-8,10,0,2,64,1,0,0,0,0,2.426470588,1,1,37,4,0,0,0,0,3.75,122.5281907
J000083,0,0,0,0,0,0,0,0,0,0,0,0,0,0,0,0,0,0,0,0,0,0,0,0,0,0,0,128.0437702
J000177,1,16.33333333,5.666666667,22,9,-1,3,-4,0,0,0,48,1,122,3,0,17,3.755208333,1,1,14,1,319,2,1,32,1.938172043,102.9731821
J000174,0,8,3.428571429,18,6,4,2,0,-1,5,15,89,3,0,0,0,0,3.238938053,2,7,33,6,0,0,0,0,7.469387755,102.3894688
J000163,0,0,0,0,0,0,0,0,0,0,0,0,0,0,0,0,0,0,0,0,0,0,0,0,0,0,0,118.7686232
J000187,0,0,0,0,0,0,0,0,0,0,0,0,0,0,0,0,0,0,0,0,0,0,0,0,0,0,0,94.28948742
J000256,0,0,0,0,0,0,0,0,0,0,0,0,0,0,0,0,0,0,0,0,0,0,0,0,0,0,0,130.0254755
J000211,0,3,0,3,0,0,0,0,0,0,0,3,0,0,0,0,0,1.5,0,0,0,0,0,0,0,0,6,121.3404157
J000265,0,0,0,0,0,0,0,0,0,0,0,0,0,0,0,0,0,0,0,0,0,0,0,0,0,0,0,113.122826
K000008,0,9.9,3.2,12,4,6,5,1,2,0,0,93,6,0,0,0,0,2.71,1,0,30,1,0,0,0,0,8.212121212,120.7162682
K000016,0,7,1.4,8,0,-8,1,-1,2,9,2,21,3,0,0,0,0,20.61111111,0,1,6,0,0,0,0,0,92.75,94.87443869
K000110,0,0,0,0,0,0,0,0,0,0,0,0,0,0,0,0,0,0,0,0,0,0,0,0,0,0,0,95.41326997
K000118,0,10.5,0.75,7,1,-5,2,2,-1,0,1,36,5,0,0,0,0,4.069767442,0,0,3,0,0,0,0,0,43.75,101.3123549
K000172,0,4.909090909,4.636363636,1,-2,-3,4,1,-6,1,2,46,5,0,0,0,0,4.727272727,3,0,47,1,0,0,0,0,5,114.5747645
K000259,0,4.428571429,2.428571429,4,0,0,1,-2,0,0,2,27,2,0,0,0,0,2.78125,0,1,16,0,0,0,0,0,4.944444444,110.5452762
K000274,0,2.25,4,1,-1,-2,5,2,-5,0,0,6,3,0,0,0,0,1.9,0,0,16,0,0,0,0,0,1.117647059,77.00133779
K000306,0,0,0,0,0,0,0,0,0,0,0,0,0,0,0,0,0,0,0,0,0,0,0,0,0,0,0,104.3392015
K000307,0,0,0,0,0,0,0,0,0,0,0,0,0,0,0,0,0,0,0,0,0,0,0,0,0,0,0,118.4676049
K000312,0,0,0,0,0,0,0,0,0,0,0,0,0,0,0,0,0,0,0,0,0,0,0,0,0,0,0,103.7628396
K000319,0,0,0,0,0,0,0,0,0,0,0,0,0,0,0,0,0,0,0,0,0,0,0,0,0,0,0,108.078519
K000352,1,4.5,0.5,5,1,0,1,1,0,2,0,7,0,125,0,6,2,4.076923077,0,0,1,0,167,9,3,10,3.052356021,49.41944147
L000556,0,16,6.166666667,15,6,0,4,-11,4,1,1,89,5,0,0,0,0,3.577319588,3,1,33,0,0,0,0,0,9.131578947,103.6346982
L000020,0,0,0,0,0,0,0,0,0,0,0,0,0,0,0,0,0,0,0,0,0,0,0,0,0,0,0,63.40152011
L000045,0,4.5,3,6,3,0,3,0,0,0,0,9,0,0,0,0,0,5.1,0,0,6,0,0,0,0,0,7.285714286,104.6932213
L000090,0,7.888888889,6.555555556,11,2,-2,3,-12,5,13,1,49,8,0,0,0,0,3.944444444,17,0,32,10,0,0,0,0,4.733333333,108.7016277
L000098,0,13.5,0.5,22,17,0,0,-1,0,1,0,25,1,0,0,0,0,7,0,0,1,0,0,0,0,0,98,105.6061071
L000119,0,0,0,0,0,0,0,0,0,0,0,0,0,0,0,0,0,0,0,0,0,0,0,0,0,0,0,71.88153231
L000169,0,11.125,3.625,8,1,-4,8,4,1,1,8,73,7,0,0,0,0,6.033333333,0,0,28,1,0,0,0,0,18.1,104.4892694
L000226,0,2,0,2,0,0,0,0,0,0,0,2,0,0,0,0,0,83.66666667,0,0,0,0,0,0,0,0,251,109.0532116
L000225,0,6,2.5,7,2,0,1,-3,0,0,0,12,0,0,0,0,0,6.538461538,0,0,5,0,0,0,0,0,14.16666667,104.8123064
L000243,0,0,0,0,0,0,0,0,0,0,0,0,0,0,0,0,0,0,0,0,0,0,0,0,0,0,0,79.49377546
L000263,0,3.5,3.285714286,6,4,2,2,-6,3,1,0,42,6,0,0,0,0,4.28,1,0,39,6,0,0,0,0,4.553191489,97.60445175
L000264,0,0,0,0,0,0,0,0,0,0,0,0,0,0,0,0,0,0,0,0,0,0,0,0,0,0,0,107.207635
L000287,0,7.466666667,5.266666667,12,-15,12,1,-5,1,5,0,89,18,0,0,0,0,3.097345133,2,0,67,10,0,0,0,0,4.375,89.78730202
L000274,0,3.545454545,1.545454545,0,-1,0,2,-3,2,2,6,25,6,0,0,0,0,37.25,0,0,17,0,0,0,0,0,82.77777778,97.87279237
L000295,0,1,3,1,0,0,5,4,0,0,0,2,0,0,0,0,0,3.333333333,0,0,6,0,0,0,0,0,1.428571429,52.04607544
L000305,0,0,0,0,0,0,0,0,0,0,0,0,0,0,0,0,0,0,0,0,0,0,0,0,0,0,0,62.63520031
L000342,0,4,6.571428571,0,-1,-1,3,-3,3,0,1,26,1,0,0,0,0,2.310344828,3,3,37,3,0,0,0,0,1.425531915,101.9694147
L000371,0,11.8,1,1,-21,-10,0,0,-2,1,26,29,3,0,0,0,0,22.78333333,0,2,2,1,0,0,0,0,227.8333333,81.57571334
L000381,0,0,0,0,0,0,0,0,0,0,0,0,0,0,0,0,0,0,0,0,0,0,0,0,0,0,0,97.33078874
L000420,0,0,0,0,0,0,0,0,0,0,0,0,0,0,0,0,0,0,0,0,0,0,0,0,0,0,0,98.47334235
L000479,0,0,0,0,0,0,0,0,0,0,0,0,0,0,0,0,0,0,0,0,0,0,0,0,0,0,0,77.14738892
L000480,0,15.4,4.933333333,26,14,1,2,0,0,13,6,205,7,0,0,0,0,4.896551724,6,0,61,7,0,0,0,0,15.14666667,91.46561177
L000507,0,0,0,0,0,0,0,0,0,0,0,0,0,0,0,0,0,0,0,0,0,0,0,0,0,0,0,93.14412482
M000015,0,21,7.5,27,12,0,5,-5,0,1,0,41,0,0,0,0,0,2.837209302,0,0,15,0,0,0,0,0,7.625,77.98583675
M000041,0,0,0,0,0,0,0,0,0,0,0,0,0,0,0,0,0,0,0,0,0,0,0,0,0,0,0,164.3724316
M000117,0,5.25,5.75,3,0,-6,13,9,-1,1,0,19,1,0,0,0,0,3.454545455,4,1,18,0,0,0,0,0,3.166666667,88.5081575
M000133,1,13.08333333,8.5,33,13,7,40,31,-5,2,3,118,10,198,0,0,10,2.874269006,3,2,54,4,240,6,6,41,2.753501401,88.00133656
M000139,0,0,0,0,0,0,0,0,0,0,0,0,0,0,0,0,0,0,0,0,0,0,0,0,0,0,0,49.57477996
M000174,0,0,0,0,0,0,0,0,0,0,0,0,0,0,0,0,0,0,0,0,0,0,0,0,0,0,0,75.58029056
M000206,0,5,3.166666667,3,0,3,2,0,-4,0,0,26,1,0,0,0,0,7.178571429,2,1,14,0,0,0,0,0,11.16666667,71.36393736
M000249,0,6.5,5.25,0,-2,-2,0,-9,0,0,1,50,1,0,0,0,0,3.226415094,0,4,37,1,0,0,0,0,3.976744186,92.76638587
M000264,0,0,0,0,0,0,0,0,0,0,0,0,0,0,0,0,0,0,0,0,0,0,0,0,0,0,0,97.95271273
M000291,0,12,2,15,6,0,3,2,0,0,0,22,2,0,0,0,0,6.36,0,0,4,0,0,0,0,0,31.8,90.06978522
M000306,0,0,0,0,0,0,0,0,0,0,0,0,0,0,0,0,0,0,0,0,0,0,0,0,0,0,0,45.67770427
M000342,0,5,5,9,8,0,4,-2,0,0,1,9,0,0,0,0,0,8.272727273,2,0,8,0,0,0,0,0,8.272727273,91.43036344
M000350,0,22.6,2.8,27,5,-8,1,-3,-1,1,4,102,6,0,0,0,0,6.710526316,0,0,14,0,0,0,0,0,51,72.70205725
M000388,0,0,0,0,0,0,0,0,0,0,0,0,0,0,0,0,0,0,0,0,0,0,0,0,0,0,0,89.74265738
M000398,0,0,0,0,0,0,0,0,0,0,0,0,0,0,0,0,0,0,0,0,0,0,0,0,0,0,0,91.55866485
M000399,0,5,2.25,7,2,2,2,2,-7,0,1,18,1,0,0,0,0,11.19047619,0,5,4,0,0,0,0,0,23.5,77.45328002
M000404,0,8.769230769,8.846153846,6,-18,10,8,1,-6,2,1,97,14,0,0,0,0,3.365217391,3,1,104,7,0,0,0,0,3.336206897,72.10375359
M000432,0,28,2,28,0,0,2,0,0,1,2,23,2,0,0,0,0,3.344827586,0,0,2,0,0,0,0,0,32.33333333,48.09602474
M000458,0,0,0,0,0,0,0,0,0,0,0,0,0,0,0,0,0,0,0,0,0,0,0,0,0,0,0,74.64679286
M000473,0,0,0,0,0,0,0,0,0,0,0,0,0,0,0,0,0,0,0,0,0,0,0,0,0,0,0,90.0761335
M000566,0,0,0,0,0,0,0,0,0,0,0,0,0,0,0,0,0,0,0,0,0,0,0,0,0,0,0,58.05202132
M000573,0,0,0,0,0,0,0,0,0,0,0,0,0,0,0,0,0,0,0,0,0,0,0,0,0,0,0,91.41314189
M000590,0,6.555555556,3.777777778,2,-5,-3,2,-3,-5,6,2,50,1,0,0,0,0,2.2,5,1,27,1,0,0,0,0,3.771428571,89.13459497
M000684,0,4.666666667,3.666666667,11,10,-1,3,-3,4,0,0,12,2,0,0,0,0,4.266666667,0,0,11,0,0,0,0,0,5.333333333,57.69294094
M000692,0,19,1.5,20,2,0,1,-1,0,3,0,6,29,0,0,0,0,4.358974359,0,0,3,0,0,0,0,0,42.5,51.27553931
M000725,0,6.166666667,7.916666667,7,6,-5,6,-1,-1,6,2,52,14,0,0,0,0,7.106666667,4,0,79,12,0,0,0,0,5.552083333,70.34551573
M000718,0,3,1,3,0,0,1,0,0,0,1,2,0,0,0,0,0,1.25,0,0,1,0,0,0,0,0,2.5,42.59024421
M000736,0,0,0,0,0,0,0,0,0,0,0,0,0,0,0,0,0,0,0,0,0,0,0,0,0,0,0,57.88346684
M000794,0,9.333333333,6,7,-13,19,10,5,2,1,6,18,3,0,0,0,0,9.448275862,0,3,15,0,0,0,0,0,14.42105263,66.21166323
M000797,0,28.5,5.5,36,-1,9,3,-3,1,1,2,164,4,0,0,0,0,3.244186047,1,2,29,1,0,0,0,0,16.41176471,72.26059401
M000834,0,0,0,0,0,0,0,0,0,0,0,0,0,0,0,0,0,0,0,0,0,0,0,0,0,0,0,77.2356387
M000843,0,6.5,3.5,6,-5,8,0,-5,2,1,0,24,1,0,0,0,0,4.555555556,1,0,13,0,0,0,0,0,8.2,64.30959372
M000844,0,3.3,0.2,3,-1,-1,1,1,0,0,1,31,1,0,0,0,0,20.23529412,0,0,1,1,0,0,0,0,229.3333333,81.05161583
M000865,0,0,0,0,0,0,0,0,0,0,0,0,0,0,0,0,0,0,0,0,0,0,0,0,0,0,0,70.25593864
M000881,0,15,2,15,0,0,2,0,0,0,0,14,1,0,0,0,0,2.9375,1,0,1,0,0,0,0,0,15.66666667,78.54200471
M000926,0,0,0,0,0,0,0,0,0,0,0,0,0,0,0,0,0,0,0,0,0,0,0,0,0,0,0,40.13407923
M000933,0,8.25,11.5,7,-2,1,17,-1,8,2,1,88,8,0,0,0,0,3.69,21,4,107,6,0,0,0,0,2.654676259,73.1407608
M000941,0,12.16666667,13.33333333,17,7,-4,11,-6,1,7,0,63,3,0,0,0,0,4.081081081,14,3,63,0,0,0,0,0,3.728395062,75.70033182
M000999,0,0,0,0,0,0,0,0,0,0,0,0,0,0,0,0,0,0,0,0,0,0,0,0,0,0,0,71.01548224
M001057,0,0,0,0,0,0,0,0,0,0,0,0,0,0,0,0,0,0,0,0,0,0,0,0,0,0,0,81.5599901
M001088,0,0,0,0,0,0,0,0,0,0,0,0,0,0,0,0,0,0,0,0,0,0,0,0,0,0,0,69.27800758
M001120,0,3.7,2.1,1,-3,3,0,-3,-5,0,8,29,0,0,0,0,0,26.13157895,0,0,21,0,0,0,0,0,45.13636364,77.50184853
M001130,0,1.333333333,0.666666667,2,2,-2,0,-2,2,0,0,4,0,0,0,0,0,45.6,0,1,1,0,0,0,0,0,76,49.56634933
N000003,0,0,0,0,0,0,0,0,0,0,0,0,0,0,0,0,0,0,0,0,0,0,0,0,0,0,0,76.0965728
N000009,0,8,3.5,12,8,0,7,7,0,0,4,11,1,0,0,0,0,70.76470588,0,5,2,0,0,0,0,0,150.375,73.30694602
N000016,0,0,0,0,0,0,0,0,0,0,0,0,0,0,0,0,0,0,0,0,0,0,0,0,0,0,0,73.19897102
N000094,0,0,0,0,0,0,0,0,0,0,0,0,0,0,0,0,0,0,0,0,0,0,0,0,0,0,0,36.56577092
N000163,0,0,0,0,0,0,0,0,0,0,0,0,0,0,0,0,0,0,0,0,0,0,0,0,0,0,0,76.02016055
N000172,0,0,0,0,0,0,0,0,0,0,0,0,0,0,0,0,0,0,0,0,0,0,0,0,0,0,0,67.75258526
O000001,0,21,1,21,0,0,1,0,0,0,0,20,1,0,0,0,0,4.772727273,0,0,1,0,0,0,0,0,52.5,74.5965644
O000006,0,12.2,9.5,21,1,13,9,3,-8,0,3,108,11,0,0,0,0,7.203252033,6,0,86,3,0,0,0,0,9.229166667,68.54246944
O000007,0,10,1.5,10,-2,10,1,1,-2,3,29,58,10,0,0,0,0,14.40594059,2,0,13,0,0,0,0,0,90.9375,67.12264165
O000069,0,8,0,8,0,0,0,0,0,0,0,8,0,0,0,0,0,2.777777778,0,0,0,0,0,0,0,0,25,68.67455974
O000085,0,1.636363636,2.272727273,0,-2,0,4,2,-1,0,0,17,1,0,0,0,0,18,0,0,24,1,0,0,0,0,13.15384615,62.58927247
O000107,0,2.8,1.2,2,1,-5,4,2,2,0,0,28,0,0,0,0,0,6.724137931,1,0,11,0,0,0,0,0,15,73.45036762
O000108,0,0,0,0,0,0,0,0,0,0,0,0,0,0,0,0,0,0,0,0,0,0,0,0,0,0,0,52.76809816
O000159,0,17.125,9.125,15,0,5,13,-18,23,1,9,124,3,0,0,0,0,3.586956522,5,2,65,1,0,0,0,0,6.689189189,57.97004698
O000156,0,0,0,0,0,0,0,0,0,0,0,0,0,0,0,0,0,0,0,0,0,0,0,0,0,0,0,70.29776756
O000163,0,3.5,2.75,6,4,-4,4,1,0,1,0,22,5,0,0,0,0,5.103448276,1,0,19,2,0,0,0,0,6.434782609,69.6146536
P000005,0,3.2,0.8,4,-1,1,0,-1,1,1,0,13,2,0,0,0,0,30.35294118,0,0,4,0,0,0,0,0,103.2,54.69510762
P000047,0,0,0,0,0,0,0,0,0,0,0,0,0,0,0,0,0,0,0,0,0,0,0,0,0,0,0,40.0026441
P000066,0,1.4,1.8,0,-2,0,2,1,0,0,0,5,0,0,0,0,0,4.5,1,0,6,1,0,0,0,0,3,48.46927441
P000099,0,3.25,2.25,5,3,-6,0,0,-4,0,0,38,1,0,0,0,0,6.55,1,0,25,1,0,0,0,0,9.357142857,60.06268304
P000112,0,0,0,0,0,0,0,0,0,0,0,0,0,0,0,0,0,0,0,0,0,0,0,0,0,0,0,62.4740177
P000148,0,4.5,1.5,4,3,-5,1,0,0,0,3,15,0,0,0,0,0,3.631578947,1,0,5,0,0,0,0,0,9.857142857,45.51807117
P000149,0,0,0,0,0,0,0,0,0,0,0,0,0,0,0,0,0,0,0,0,0,0,0,0,0,0,0,54.12589206
P000152,0,0,0,0,0,0,0,0,0,0,0,0,0,0,0,0,0,0,0,0,0,0,0,0,0,0,0,56.78253514
P000170,0,0,0,0,0,0,0,0,0,0,0,0,0,0,0,0,0,0,0,0,0,0,0,0,0,0,0,55.26898065
P000215,0,9.5,4,8,-3,0,4,0,0,1,1,16,1,0,0,0,0,4.45,1,0,7,0,0,0,0,0,9.888888889,36.75989921
P000229,0,0,0,0,0,0,0,0,0,0,0,0,0,0,0,0,0,0,0,0,0,0,0,0,0,0,0,58.97151624
P000259,0,0,0,0,0,0,0,0,0,0,0,0,0,0,0,0,0,0,0,0,0,0,0,0,0,0,0,53.68211846
P000258,0,6.933333333,6.133333333,9,8,0,10,-2,3,0,6,87,11,0,0,0,0,5.533333333,4,3,81,4,0,0,0,0,6.247311828,58.98222466
P000265,0,0,0,0,0,0,0,0,0,0,0,0,0,0,0,0,0,0,0,0,0,0,0,0,0,0,0,58.33450319
P000326,0,7,1,4,-4,-6,2,0,2,7,5,22,1,0,0,0,0,3.333333333,0,0,5,0,0,0,0,0,20,55.00017935
P000328,0,0,0,0,0,0,0,0,0,0,0,0,0,0,0,0,0,0,0,0,0,0,0,0,0,0,0,58.16800246
P000444,0,7.8,4,10,0,1,2,-5,5,1,1,34,3,0,0,0,0,15.325,9,0,9,2,0,0,0,0,29.19047619,53.0577262
P000452,0,4.5,3,3,-2,-2,4,-1,2,0,7,10,1,0,0,0,0,3.947368421,0,1,11,0,0,0,0,0,5.769230769,48.13986261
P000574,0,0,0,0,0,0,0,0,0,0,0,0,0,0,0,0,0,0,0,0,0,0,0,0,0,0,0,42.91886597
Q000013,0,0,0,0,0,0,0,0,0,0,0,0,0,0,0,0,0,0,0,0,0,0,0,0,0,0,0,43.00117053
R000011,0,0,0,0,0,0,0,0,0,0,0,0,0,0,0,0,0,0,0,0,0,0,0,0,0,0,0,52.16297889
R000033,0,0,0,0,0,0,0,0,0,0,0,0,0,0,0,0,0,0,0,0,0,0,0,0,0,0,0,54.3123073
R000053,0,18.69230769,11.15384615,4,-7,5,19,-7,1,47,10,151,35,0,0,0,0,4.237704918,3,0,130,12,0,0,0,0,7.082191781,48.59905762
R000072,0,0,0,0,0,0,0,0,0,0,0,0,0,0,0,0,0,0,0,0,0,0,0,0,0,0,0,42.23289553
R000080,0,0,0,0,0,0,0,0,0,0,0,0,0,0,0,0,0,0,0,0,0,0,0,0,0,0,0,51.18749124
R000122,1,10.66666667,4,8,-5,2,4,1,-2,0,0,32,0,185,3,0,8,2.554585153,0,0,12,0,172,4,11,17,2.695852535,45.07262627
R000141,0,6.333333333,3.222222222,4,-1,-2,2,-4,5,0,3,52,2,0,0,0,0,26.36206897,3,10,15,1,0,0,0,0,50.96666667,57.3858578
R000189,0,0,0,0,0,0,0,0,0,0,0,0,0,0,0,0,0,0,0,0,0,0,0,0,0,0,0,34.00581305
R000229,0,20.5,4.75,16,6,-21,0,-6,-1,0,0,80,2,0,0,0,0,7.795180723,2,0,17,0,0,0,0,0,32.35,45.24999102
R000243,0,3.5,3.5,2,-3,0,6,5,0,0,0,7,0,0,0,0,0,2.375,0,0,7,0,0,0,0,0,2.375,39.57734702
R000252,0,11.33333333,4,17,6,5,7,5,-1,0,1,30,3,0,0,0,0,9.371428571,1,0,11,0,0,0,0,0,25.23076923,45.35216324
R000262,0,0,0,0,0,0,0,0,0,0,0,0,0,0,0,0,0,0,0,0,0,0,0,0,0,0,0,44.45700471
R000277,0,0,0,0,0,0,0,0,0,0,0,0,0,0,0,0,0,0,0,0,0,0,0,0,0,0,0,35.91884597
R000307,1,9,2.666666667,9,2,-4,2,-2,2,0,0,25,2,138,4,0,19,2.957671958,0,0,7,1,198,10,6,45,2.085820896,29.51002754
R000383,0,36,3,36,0,0,3,0,0,4,2,29,1,0,0,0,0,3.513513514,0,0,3,0,0,0,0,0,32.5,51.3083822
R000385,0,1.5,1.5,2,0,1,1,0,-3,2,0,6,1,0,0,0,0,2.6,2,0,7,0,0,0,0,0,2.6,47.99693933
R000409,0,10,4.642857143,8,1,3,7,-3,8,15,15,82,28,0,0,0,0,3.439716312,7,4,49,5,0,0,0,0,7.348484848,40.70889391
R000435,0,4.857142857,6.714285714,2,-2,-2,9,3,2,9,1,45,13,0,0,0,0,4.260869565,9,3,66,16,0,0,0,0,3.094736842,49.12526557
R000436,0,0,0,0,0,0,0,0,0,0,0,0,0,0,0,0,0,0,0,0,0,0,0,0,0,0,0,44.40003216
R000458,0,0,0,0,0,0,0,0,0,0,0,0,0,0,0,0,0,0,0,0,0,0,0,0,0,0,0,47.20339805
R000459,0,0,0,0,0,0,0,0,0,0,0,0,0,0,0,0,0,0,0,0,0,0,0,0,0,0,0,26.7989683
R000465,0,10.16666667,4.333333333,11,4,-9,1,-10,5,1,0,58,2,0,0,0,0,3.822580645,2,0,23,1,0,0,0,0,8.777777778,46.10033535
R000481,0,0,0,0,0,0,0,0,0,0,0,0,0,0,0,0,0,0,0,0,0,0,0,0,0,0,0,46.32138483
R000485,0,0,0,0,0,0,0,0,0,0,0,0,0,0,0,0,0,0,0,0,0,0,0,0,0,0,0,45.1732219
R000543,0,0,0,0,0,0,0,0,0,0,0,0,0,0,0,0,0,0,0,0,0,0,0,0,0,0,0,44.02016488
S000005,0,1.75,1.5,2,1,0,3,2,-1,3,0,11,0,0,0,0,0,19.13333333,1,0,11,0,0,0,0,0,22.07692308,41.52836085
S000033,1,6.625,7.25,7,6,-5,10,-1,3,3,1,47,2,169,1,3,4,2.32034632,0,1,54,3,269,2,4,26,1.488888889,37.15484407
S000056,0,0,0,0,0,0,0,0,0,0,0,0,0,0,0,0,0,0,0,0,0,0,0,0,0,0,0,43.22792773
S000059,1,0,0,0,0,0,0,0,0,0,0,0,0,0,0,0,0,0,0,0,0,0,0,0,0,0,0,24.61637517
S000066,0,0,0,0,0,0,0,0,0,0,0,0,0,0,0,0,0,0,0,0,0,0,0,0,0,0,0,36.91021736
S000081,0,0,0,0,0,0,0,0,0,0,0,0,0,0,0,0,0,0,0,0,0,0,0,0,0,0,0,36.39836402
S000094,0,0.166666667,1.333333333,0,-1,1,6,4,2,0,0,1,0,0,0,0,0,3.5,1,0,6,1,0,0,0,0,0.777777778,40.51938457
S000097,0,0,0,0,0,0,0,0,0,0,0,0,0,0,0,0,0,0,0,0,0,0,0,0,0,0,0,43.66966817
S000109,0,5,1.5,10,4,3,4,2,2,1,1,16,2,0,0,0,0,10.28571429,0,0,6,0,0,0,0,0,30.85714286,26.49164795
S000124,0,0,0,0,0,0,0,0,0,0,0,0,0,0,0,0,0,0,0,0,0,0,0,0,0,0,0,37.9794425
S000125,0,4,4.25,3,-2,4,2,-5,3,0,0,15,1,0,0,0,0,3.764705882,1,0,16,0,0,0,0,0,3.555555556,32.86095418
S000142,0,0,0,0,0,0,0,0,0,0,0,0,0,0,0,0,0,0,0,0,0,0,0,0,0,0,0,28.1819355
S000146,0,0,0,0,0,0,0,0,0,0,0,0,0,0,0,0,0,0,0,0,0,0,0,0,0,0,0,30.93740801
S000148,1,24.75,8.25,29,0,10,8,2,-12,2,0,94,3,537,13,2,69,2.171983356,3,0,30,0,453,4,2,76,2.752196837,33.20674342
S000244,0,0,0,0,0,0,0,0,0,0,0,0,0,0,0,0,0,0,0,0,0,0,0,0,0,0,0,28.94519317
S000248,0,0,0,0,0,0,0,0,0,0,0,0,0,0,0,0,0,0,0,0,0,0,0,0,0,0,0,31.76468325
S000294,0,0,0,0,0,0,0,0,0,0,0,0,0,0,0,0,0,0,0,0,0,0,0,0,0,0,0,37.94103967
S000303,0,0,0,0,0,0,0,0,0,0,0,0,0,0,0,0,0,0,0,0,0,0,0,0,0,0,0,38.92565368
S001144,0,0,0,0,0,0,0,0,0,0,0,0,0,0,0,0,0,0,0,0,0,0,0,0,0,0,0,34.99586534
S000394,0,3.571428571,0.571428571,2,-10,5,0,-1,0,6,0,13,6,0,0,0,0,11.11538462,1,0,3,0,0,0,0,0,57.8,30.3633337
S000407,0,0,0,0,0,0,0,0,0,0,0,0,0,0,0,0,0,0,0,0,0,0,0,0,0,0,0,34.25648563
S000453,0,1.166666667,1.166666667,0,0,-2,0,-1,-3,0,0,7,0,0,0,0,0,5.875,0,0,7,0,0,0,0,0,5.875,37.11621146
S000462,0,5,2.5,8,3,1,4,1,1,0,0,20,0,0,0,0,0,7.047619048,1,1,7,1,0,0,0,0,13.45454545,27.11871035
S000463,0,5.166666667,3.333333333,3,-5,-2,1,-1,-2,1,0,29,1,0,0,0,0,31,0,0,18,2,0,0,0,0,47.23809524,33.85587636
S000465,0,3,4.3,9,3,4,6,2,1,7,0,19,4,0,0,0,0,8.225806452,1,1,35,6,0,0,0,0,5.795454545,35.46148226
S000477,0,0,0,0,0,0,0,0,0,0,0,0,0,0,0,0,0,0,0,0,0,0,0,0,0,0,0,31.72425389
S000479,0,0,0,0,0,0,0,0,0,0,0,0,0,0,0,0,0,0,0,0,0,0,0,0,0,0,0,35.08570408
S000480,0,0,0,0,0,0,0,0,0,0,0,0,0,0,0,0,0,0,0,0,0,0,0,0,0,0,0,27.39349575
S000607,0,0,0,0,0,0,0,0,0,0,0,0,0,0,0,0,0,0,0,0,0,0,0,0,0,0,0,21.14412396
S000583,0,5.142857143,4.785714286,3,0,0,7,-9,10,2,0,64,6,0,0,0,0,7.424657534,0,1,64,2,0,0,0,0,7.970588235,29.71226596
S000596,0,13.5,0,14,1,0,0,0,0,0,1,24,2,0,0,0,0,30.25,0,0,0,0,0,0,0,0,847,29.52220234
S000586,0,0,0,0,0,0,0,0,0,0,0,0,0,0,0,0,0,0,0,0,0,0,0,0,0,0,0,30.86898487
S000663,1,24,3,32,16,0,2,-2,0,3,1,41,3,255,8,1,18,2.383685801,0,1,5,0,199,6,0,24,3.343220339,20.16059323
S000673,0,0,0,0,0,0,0,0,0,0,0,0,0,0,0,0,0,0,0,0,0,0,0,0,0,0,0,30.40317438
S000675,0,0,0,0,0,0,0,0,0,0,0,0,0,0,0,0,0,0,0,0,0,0,0,0,0,0,0,18.21004574
S000718,0,5,1.166666667,0,-8,-4,0,-4,3,0,2,22,6,0,0,0,0,30.16129032,2,1,4,0,0,0,0,0,116.875,25.38369759
S000749,0,0,0,0,0,0,0,0,0,0,0,0,0,0,0,0,0,0,0,0,0,0,0,0,0,0,0,29.75207123
S000779,0,0,0,0,0,0,0,0,0,0,0,0,0,0,0,0,0,0,0,0,0,0,0,0,0,0,0,28.13553059
S000785,0,0,0,0,0,0,0,0,0,0,0,0,0,0,0,0,0,0,0,0,0,0,0,0,0,0,0,27.04740284
S000810,0,0,0,0,0,0,0,0,0,0,0,0,0,0,0,0,0,0,0,0,0,0,0,0,0,0,0,21.47404258
S000822,0,9.454545455,2.454545455,16,2,6,2,-2,1,9,3,80,12,0,0,0,0,3.00952381,5,1,19,2,0,0,0,0,11.28571429,21.59704435
S000851,0,2.571428571,2.428571429,4,3,-1,3,1,0,1,2,15,0,0,0,0,0,6.947368421,0,0,14,3,0,0,0,0,7.333333333,25.66126504
S000948,0,2.75,1.5,1,1,-3,3,3,-2,0,1,8,2,0,0,0,0,28.5,1,0,4,1,0,0,0,0,48.85714286,21.94655336
S001040,0,0,0,0,0,0,0,0,0,0,0,0,0,0,0,0,0,0,0,0,0,0,0,0,0,0,0,22.11130874
S001044,0,6.333333333,1.333333333,7,0,0,1,-1,0,1,9,24,4,0,0,0,0,7.769230769,1,0,7,0,0,0,0,0,33.66666667,16.23260247
S001075,0,0,0,0,0,0,0,0,0,0,0,0,0,0,0,0,0,0,0,0,0,0,0,0,0,0,0,13.75901368
S001113,0,0,0,0,0,0,0,0,0,0,0,0,0,0,0,0,0,0,0,0,0,0,0,0,0,0,0,23.73000065
S001115,0,0,0,0,0,0,0,0,0,0,0,0,0,0,0,0,0,0,0,0,0,0,0,0,0,0,0,23.61446762
S001139,0,0,0,0,0,0,0,0,0,0,0,0,0,0,0,0,0,0,0,0,0,0,0,0,0,0,0,22.87349493
T000034,0,0,0,0,0,0,0,0,0,0,0,0,0,0,0,0,0,0,0,0,0,0,0,0,0,0,0,21.88085568
T000038,0,0,0,0,0,0,0,0,0,0,0,0,0,0,0,0,0,0,0,0,0,0,0,0,0,0,0,23.51539881
T000058,0,0,0,0,0,0,0,0,0,0,0,0,0,0,0,0,0,0,0,0,0,0,0,0,0,0,0,20.14606388
T000074,0,1.6,3,1,1,0,3,-3,1,0,2,12,2,0,0,0,0,4.882352941,1,1,27,1,0,0,0,0,2.677419355,19.03212086
T000067,0,3.5,0.625,2,-1,-3,0,-1,0,0,0,28,0,0,0,0,0,22.96551724,1,0,4,0,0,0,0,0,111,18.2795015
T000184,0,0,0,0,0,0,0,0,0,0,0,0,0,0,0,0,0,0,0,0,0,0,0,0,0,0,0,20.34051841
T000162,1,7.5,4.5,7,-1,0,8,7,0,0,0,15,0,72,1,0,3,7.619565217,0,0,9,0,70,2,1,5,7.965909091,8.61510614
T000188,0,17.375,1.375,18,3,2,1,1,0,9,1,98,31,0,0,0,0,9.085714286,0,0,10,1,0,0,0,0,106,18.59691482
T000243,0,0,0,0,0,0,0,0,0,0,0,0,0,0,0,0,0,0,0,0,0,0,0,0,0,0,0,17.98749656
T000316,0,0,0,0,0,0,0,0,0,0,0,0,0,0,0,0,0,0,0,0,0,0,0,0,0,0,0,15.10180526
T000317,1,15.33333333,2.333333333,9,-10,1,4,3,-1,5,3,38,0,95,5,0,3,2.706666667,1,0,6,0,80,4,0,7,4.101010101,15.76021666
T000326,0,11.18181818,6.909090909,5,-5,-3,5,2,-15,9,0,107,7,0,0,0,0,3.209677419,6,0,63,7,0,0,0,0,5.168831169,15.45429848
T000350,0,0,0,0,0,0,0,0,0,0,0,0,0,0,0,0,0,0,0,0,0,0,0,0,0,0,0,15.25292375
T000356,0,0,0,0,0,0,0,0,0,0,0,0,0,0,0,0,0,0,0,0,0,0,0,0,0,0,0,15.85943033
U000001,0,0,0,0,0,0,0,0,0,0,0,0,0,0,0,0,0,0,0,0,0,0,0,0,0,0,0,16.65643627
U000017,0,6.5,7,7,1,0,10,6,0,0,0,12,1,0,0,0,0,5,0,0,14,0,0,0,0,0,4.666666667,13.24116491
V000006,0,10.5,2.5,11,1,0,2,-1,0,0,0,21,0,0,0,0,0,4.772727273,0,0,5,0,0,0,0,0,17.5,11.50131569
V000027,0,0,0,0,0,0,0,0,0,0,0,0,0,0,0,0,0,0,0,0,0,0,0,0,0,0,0,8.590609056
V000087,0,9.4,5.6,2,-9,6,11,0,10,1,0,43,3,0,0,0,0,7.104166667,0,1,27,0,0,0,0,0,11.75862069,10.10503792
V000108,0,3.2,1.8,3,3,-2,4,2,2,0,0,48,0,0,0,0,0,7.795918367,0,0,23,4,0,0,0,0,13.64285714,9.418405356
V000112,0,0,0,0,0,0,0,0,0,0,0,0,0,0,0,0,0,0,0,0,0,0,0,0,0,0,0,8.682355011
V000124,0,0,0,0,0,0,0,0,0,0,0,0,0,0,0,0,0,0,0,0,0,0,0,0,0,0,0,7.431080731
W000068,0,0,0,0,0,0,0,0,0,0,0,0,0,0,0,0,0,0,0,0,0,0,0,0,0,0,0,4.536252509
W000099,0,4.555555556,3,7,2,-2,3,0,0,2,2,35,2,0,0,0,0,21.02380952,2,0,22,3,0,0,0,0,31.53571429,11.20084571
W000177,0,0,0,0,0,0,0,0,0,0,0,0,0,0,0,0,0,0,0,0,0,0,0,0,0,0,0,8.272725849
W000215,0,5.583333333,6.25,3,2,-8,8,3,-1,1,1,61,4,0,0,0,0,8.676470588,5,0,66,4,0,0,0,0,7.763157895,6.16651311
W000237,0,0,0,0,0,0,0,0,0,0,0,0,0,0,0,0,0,0,0,0,0,0,0,0,0,0,0,5.345065684
W000258,0,0,0,0,0,0,0,0,0,0,0,0,0,0,0,0,0,0,0,0,0,0,0,0,0,0,0,6.823004512
W000268,0,0,0,0,0,0,0,0,0,0,0,0,0,0,0,0,0,0,0,0,0,0,0,0,0,0,0,7.351667324
W000326,0,0,0,0,0,0,0,0,0,0,0,0,0,0,0,0,0,0,0,0,0,0,0,0,0,0,0,6.450720044
W000428,0,0,0,0,0,0,0,0,0,0,0,0,0,0,0,0,0,0,0,0,0,0,0,0,0,0,0,5.806753442
W000520,0,0,0,0,0,0,0,0,0,0,0,0,0,0,0,0,0,0,0,0,0,0,0,0,0,0,0,4.319963311
W000570,0,7.333333333,4,8,-1,4,2,-7,8,0,0,22,0,0,0,0,0,5.217391304,0,2,10,0,0,0,0,0,9.230769231,4.199955272
W000654,0,0,0,0,0,0,0,0,0,0,0,0,0,0,0,0,0,0,0,0,0,0,0,0,0,0,0,3.224849247
W000672,0,4.833333333,8.083333333,7,0,4,4,-3,-11,0,2,50,6,0,0,0,0,26.98305085,23,2,58,14,0,0,0,0,16.24489796,3.065866279
W000682,0,0,0,0,0,0,0,0,0,0,0,0,0,0,0,0,0,0,0,0,0,0,0,0,0,0,0,2.46990582
W000779,1,13.66666667,5.666666667,15,1,2,10,6,1,1,0,34,0,380,2,5,25,2.979910714,0,0,12,0,316,3,7,29,3.627717391,1.512499696
W000781,0,0,0,0,0,0,0,0,0,0,0,0,0,0,0,0,0,0,0,0,0,0,0,0,0,0,0,2.682514071
Y000013,0,7.5,4.25,12,5,1,4,-5,6,7,3,19,1,0,0,0,0,34.80645161,2,0,14,1,0,0,0,0,59.94444444,0.156777651
Y000014,0,2,1,2,0,0,1,0,0,0,0,2,0,0,0,0,0,1,0,0,1,0,0,0,0,0,1.5,0.653714893
Y000031,0,0.666666667,0.25,5,2,3,2,1,1,0,1,7,0,0,0,0,0,49.44444444,0,0,3,0,0,0,0,0,111.25,1.178752828
Z000004,0,0,0,0,0,0,0,0,0,0,0,0,0,0,0,0,0,0,0,0,0,0,0,0,0,0,0,0.67321343
Z000008,0,0,0,0,0,0,0,0,0,0,0,0,0,0,0,0,0,0,0,0,0,0,0,0,0,0,0,0
B000013,0,2.909090909,4,0,-2,0,4,-3,-8,0,0,30,2,0,0,0,0,5.575757576,1,1,38,4,0,0,0,0,4.088888889,215.9179561
B000028,0,2.333333333,0.666666667,4,2,1,1,0,1,0,0,7,0,0,0,0,0,3.75,0,0,2,0,0,0,0,0,10,181.9969103
B000078,0,4,2.5,5,2,0,4,3,0,0,0,7,1,0,0,0,0,3.444444444,0,0,5,0,0,0,0,0,5.166666667,134.1404237
B001226,0,4,4,4,0,0,4,0,0,1,0,3,0,0,0,0,0,2.2,0,1,3,0,0,0,0,0,2.2,174.8425691
B000134,0,3.4,2.8,3,-1,-1,2,0,0,0,0,17,0,0,0,0,0,5.722222222,0,0,14,0,0,0,0,0,6.866666667,208.0372292
B000151,0,5,4,5,0,0,4,0,0,0,0,5,0,0,0,0,0,2.5,0,0,4,0,0,0,0,0,3,188.6820914
B000177,0,3.2,6.6,2,-3,3,4,-3,-1,0,0,15,1,0,0,0,0,2.529411765,0,2,30,1,0,0,0,0,1.264705882,180.725974
B000208,0,5.1,6.4,6,3,-5,8,-10,12,2,0,45,4,0,0,0,0,3.596153846,1,4,52,7,0,0,0,0,2.876923077,201.8082487
B000287,0,4.615384615,1.538461538,0,-14,0,0,-4,0,0,0,30,30,0,0,0,0,2.918032787,0,10,10,0,0,0,0,0,8.476190476,175.8368426
B000576,0,5.5,5.5,7,3,0,3,-5,0,0,0,11,0,0,0,0,0,3,1,0,10,0,0,0,0,0,3,158.5209377
B000617,0,2.428571429,1,4,0,0,0,0,0,1,0,14,2,0,0,0,0,26.11111111,1,1,5,0,0,0,0,0,58.75,207.5256288
B000944,1,3.857142857,7.714285714,8,4,2,17,5,6,3,0,23,1,342,4,1,50,1.908235294,6,1,43,4,376,4,1,43,1.693110647,177.6176997
B000911,0,4.25,5.416666667,10,9,-4,5,1,2,0,0,44,7,0,0,0,0,3.711538462,4,0,55,6,0,0,0,0,2.924242424,178.4331536
B001203,0,7.222222222,1.888888889,5,-4,-38,7,0,6,2,0,59,4,0,0,0,0,2.303030303,0,0,14,3,0,0,0,0,8.444444444,193.9427472
B001213,0,19,11,19,0,0,11,0,0,1,0,17,1,0,0,0,0,2.7,2,0,9,0,0,0,0,0,4.5,171.5938706
C000107,0,2.75,2.75,2,-1,-3,3,-2,4,1,0,9,1,0,0,0,0,6.416666667,0,0,11,0,0,0,0,0,6.416666667,170.0963545
C000127,1,3,1,3,0,0,1,0,0,0,0,3,0,232,2,1,26,2.890566038,0,0,1,0,241,2,1,39,2.687719298,177.0926901
C000243,0,18.88888889,5.333333333,12,-4,-23,12,5,4,6,0,163,1,0,0,0,0,3.263157895,1,0,47,0,0,0,0,0,11.3877551,194.6911349
C000494,0,0,0,0,0,0,0,0,0,0,0,0,0,0,0,0,0,0,0,0,0,0,0,0,0,0,0,168.7133952
C000640,0,0,0,0,0,0,0,0,0,0,0,0,0,0,0,0,0,0,0,0,0,0,0,0,0,0,0,169.1532284
C000767,0,0,3,0,0,0,3,0,0,0,0,0,0,0,0,0,0,0,0,0,3,0,0,0,0,0,0,159.4415118
C000880,1,0,0,0,0,0,0,0,0,0,0,0,0,0,0,0,0,0,0,0,0,0,0,0,0,0,0,122.9655543
D000046,0,2.75,1.75,3,1,-2,3,0,3,0,1,10,0,0,0,0,0,6.333333333,1,0,5,1,0,0,0,0,9.5,157.7345969
D000168,0,3.3,1.4,2,-2,-1,1,1,-4,1,0,26,2,0,0,0,0,3.333333333,1,0,11,2,0,0,0,0,6.666666667,152.1666
D000275,0,4.5,2.833333333,5,-1,3,3,0,2,3,2,21,1,0,0,0,0,2.571428571,0,1,16,0,0,0,0,0,4,161.8468144
D000299,0,16,4.888888889,3,2,-19,13,6,5,2,1,17,124,0,0,0,0,7.15862069,1,0,33,10,0,0,0,0,23.06666667,177.2327043
D000312,0,4.5,3.5,4,-3,4,4,3,-4,0,1,17,0,0,0,0,0,3.210526316,0,1,13,0,0,0,0,0,4.066666667,152.6712533
D000549,0,0,0,0,0,0,0,0,0,0,0,0,0,0,0,0,0,0,0,0,0,0,0,0,0,0,0,168.5992958
E000092,0,5.444444444,6.555555556,5,0,-2,11,-9,14,4,0,41,4,0,0,0,0,4.62,8,0,39,12,0,0,0,0,3.85,165.5298102
E000186,0,4,5,4,0,0,5,0,0,0,0,4,0,0,0,0,0,4,0,0,5,0,0,0,0,0,3.333333333,150.5377222
E000268,0,1.25,1.125,0,-2,-3,1,0,0,0,0,10,0,0,0,0,0,2,0,0,9,0,0,0,0,0,2.2,155.6504399
F000030,0,2.083333333,4.833333333,1,-2,2,7,-1,-3,1,1,18,5,0,0,0,0,2.615384615,0,1,46,11,0,0,0,0,1.152542373,139.7678584
F000110,0,2.5,0.5,4,3,0,0,-1,0,0,0,5,0,0,0,0,0,2.666666667,0,0,1,0,0,0,0,0,8,121.8601447
F000116,0,18.4,12.4,40,0,3,16,-14,18,7,0,159,18,0,0,0,0,3.091891892,4,3,107,10,0,0,0,0,4.576,134.142089
F000128,0,3,7,3,0,0,7,0,0,0,0,3,0,0,0,0,0,5,0,0,7,0,0,0,0,0,2.5,141.3763877
F000328,0,0,0,0,0,0,0,0,0,0,0,0,0,0,0,0,0,0,0,0,0,0,0,0,0,0,0,143.2345335
F000349,0,10,2.25,23,13,4,2,0,-1,5,2,32,1,0,0,0,0,4.317073171,0,1,7,1,0,0,0,0,17.7,134.3004755
F000434,0,8.666666667,8.333333333,11,1,5,14,10,-3,1,2,22,1,0,0,0,0,3.407407407,2,1,21,1,0,0,0,0,3.538461538,105.8924036
G000289,0,0,0,0,0,0,0,0,0,0,0,0,0,0,0,0,0,0,0,0,0,0,0,0,0,0,0,140.9199482
G000367,1,2,0,2,0,0,0,0,0,0,1,1,0,55,2,1,5,2.227272727,0,0,0,0,29,0,0,1,4.741935484,58.35605441
G000410,0,13.23076923,5,7,3,-6,8,-1,7,2,4,154,12,0,0,0,0,2.468208092,1,1,58,5,0,0,0,0,6.46969697,133.147225
G000439,0,5.5,4,2,-8,1,4,2,-3,1,0,32,0,0,0,0,0,3.882352941,3,0,19,2,0,0,0,0,5.28,142.4371547
G000535,0,0,0,0,0,0,0,0,0,0,0,0,0,0,0,0,0,0,0,0,0,0,0,0,0,0,0,115.7730554
H000096,0,0,0,0,0,0,0,0,0,0,0,0,0,0,0,0,0,0,0,0,0,0,0,0,0,0,0,115.6547553
H000213,0,4,1.555555556,0,-6,1,0,-2,0,2,1,33,0,0,0,0,0,3.486486486,2,0,10,2,0,0,0,0,8.6,133.060645
H000324,0,13.92857143,7.285714286,7,-3,4,4,-10,4,23,4,81,87,0,0,0,0,4.556122449,3,1,83,15,0,0,0,0,8.669902913,118.4643852
H000621,0,3.8,3,4,2,-1,5,3,0,3,1,15,0,0,0,0,0,3,0,0,13,2,0,0,0,0,3.75,111.1576249
H000627,0,5.1,9.9,4,-1,1,12,0,-3,1,0,48,2,0,0,0,0,2.173076923,3,0,92,4,0,0,0,0,1.13,118.4315384
H000676,0,9,2.333333333,14,0,9,5,3,1,2,10,63,6,0,0,0,0,2.743902439,0,0,17,4,0,0,0,0,10.22727273,120.6287963
H000707,0,6.5,2.5,11,9,0,4,3,0,1,1,10,1,0,0,0,0,2.428571429,1,0,4,0,0,0,0,0,5.666666667,85.46149904
H000712,0,5.8,5.2,0,-7,0,5,-3,3,1,0,57,0,0,0,0,0,2.389830508,2,0,46,4,0,0,0,0,2.660377358,133.0914534
H000789,0,3.6,3.6,5,1,-2,4,3,-4,0,0,18,0,0,0,0,0,5.578947368,1,0,17,0,0,0,0,0,5.578947368,128.1601714
H000912,0,0,1,0,0,0,1,0,0,0,0,0,0,0,0,0,0,0,1,0,0,0,0,0,0,0,0,63.91194203
H001015,1,4.5,2,3,-3,0,1,-2,0,0,2,6,1,41,1,1,2,2.090909091,0,0,4,0,51,3,3,6,1.691176471,77.35688311
I000023,0,8.5,3.833333333,2,-20,10,8,6,-4,0,0,51,0,0,0,0,0,1.576923077,0,3,18,2,0,0,0,0,3.416666667,96.10296081
I000026,0,5.25,6.375,2,-10,2,3,-13,9,0,0,41,1,0,0,0,0,3.906976744,0,0,49,2,0,0,0,0,3.230769231,129.0016026
I000047,0,0,0,0,0,0,0,0,0,0,0,0,0,0,0,0,0,0,0,0,0,0,0,0,0,0,0,118.9204136
J000120,0,0,0,0,0,0,0,0,0,0,0,0,0,0,0,0,0,0,0,0,0,0,0,0,0,0,0,113.3794298
K000181,0,4.333333333,1,8,6,-1,1,0,0,4,0,8,1,0,0,0,0,8.5,0,0,3,0,0,0,0,0,29.75,86.29107804
K000210,0,6.714285714,7.285714286,2,1,-2,14,10,-5,2,1,85,6,0,0,0,0,3.115789474,4,1,90,7,0,0,0,0,2.873786408,110.4825327
K000220,0,3.909090909,2.181818182,22,18,1,4,4,-2,1,2,36,4,0,0,0,0,10.70454545,0,1,19,4,0,0,0,0,18.84,100.6361009
K000262,0,7,6,7,0,0,6,0,0,1,0,6,0,0,0,0,0,2.625,0,0,6,0,0,0,0,0,3,106.0178954
K000270,0,6.25,2.25,8,4,-3,2,-1,2,0,0,23,2,0,0,0,0,4.461538462,1,0,8,0,0,0,0,0,11.6,95.56265373
K000288,0,0,0,0,0,0,0,0,0,0,0,0,0,0,0,0,0,0,0,0,0,0,0,0,0,0,0,109.6346792
K000328,0,5,2,5,0,0,2,0,0,0,0,5,0,0,0,0,0,5.5,0,1,1,0,0,0,0,0,11,102.3057238
L000096,0,0.8,1.8,2,0,2,5,3,0,1,0,3,0,0,0,0,0,2.6,0,0,8,1,0,0,0,0,1.3,72.76554
L000155,0,7,4,8,0,0,5,-2,5,3,0,24,1,0,0,0,0,3.310344828,2,0,14,0,0,0,0,0,5.647058824,94.06862209
L000267,0,4,10,4,0,0,10,0,0,0,0,4,0,0,0,0,0,2.6,2,0,7,1,0,0,0,0,1.181818182,58.97543965
L000293,0,3.75,1.5,7,-2,3,5,0,4,0,0,24,6,0,0,0,0,2.903225806,1,0,11,0,0,0,0,0,6.923076923,100.4728634
L000035,1,0,0,0,0,0,0,0,0,0,0,0,0,0,0,0,0,0,0,0,0,0,0,0,0,0,0,84.11020225
L000321,0,18.66666667,1.111111111,2,2,-7,5,5,0,1,2,17,148,0,0,0,0,6.99408284,1,0,7,2,0,0,0,0,107.4545455,97.00107805
M000100,0,0,0,0,0,0,0,0,0,0,0,0,0,0,0,0,0,0,0,0,0,0,0,0,0,0,0,90.94644741
M001138,0,0,0,0,0,0,0,0,0,0,0,0,0,0,0,0,0,0,0,0,0,0,0,0,0,0,0,88.37427422
M000129,0,13,7,13,0,0,7,0,0,0,0,12,1,0,0,0,0,3.357142857,0,0,7,0,0,0,0,0,5.875,84.87184774
M000466,0,8.333333333,2.666666667,3,-10,4,1,-1,-3,1,1,21,2,0,0,0,0,1.576923077,0,0,8,0,0,0,0,0,4.555555556,73.24866647
M000472,0,6.222222222,4.444444444,6,-7,3,9,2,3,0,0,56,0,0,0,0,0,4.070175439,1,0,37,2,0,0,0,0,5.658536585,91.63841278
M000477,0,16.83333333,5.5,15,4,3,5,-6,6,2,0,58,41,0,0,0,0,6.960784314,3,1,26,3,0,0,0,0,20.88235294,87.90344516
M000508,0,0,0,0,0,0,0,0,0,0,0,0,0,0,0,0,0,0,0,0,0,0,0,0,0,0,0,86.88569163
M000523,0,0,0,0,0,0,0,0,0,0,0,0,0,0,0,0,0,0,0,0,0,0,0,0,0,0,0,70.89023158
M000627,0,6.25,3.125,2,-7,0,0,-1,1,3,0,45,2,0,0,0,0,4.098039216,3,0,22,0,0,0,0,0,8.038461538,84.62650914
M000628,0,3,3,2,-1,3,3,1,1,0,0,15,0,0,0,0,0,2.375,0,0,14,1,0,0,0,0,2.375,76.41150498
M000639,1,14.57142857,4.571428571,56,41,11,22,18,4,1,0,31,27,438,3,6,41,1.96350365,1,0,9,2,242,3,1,83,3.14619883,81.47581267
M000689,0,3.25,4.583333333,4,4,-6,2,2,-4,1,0,36,2,0,0,0,0,8.925,1,1,48,5,0,0,0,0,6.375,81.78899324
M000720,0,2.2,1,0,-6,4,1,-1,2,1,0,10,0,0,0,0,0,4.166666667,0,0,5,0,0,0,0,0,8.333333333,76.54196661
M000795,0,7.5,8,9,4,-2,8,0,-2,1,1,26,2,0,0,0,0,4.419354839,0,1,29,2,0,0,0,0,4.151515152,64.00290333
P000419,0,7.142857143,2.428571429,19,6,10,1,-1,1,4,2,43,1,0,0,0,0,6.509803922,0,1,16,0,0,0,0,0,18.44444444,60.47869519
P000422,0,7.111111111,5.444444444,16,8,6,5,-1,2,1,1,59,3,0,0,0,0,3.276923077,1,3,42,3,0,0,0,0,4.26,63.08965243
P000449,1,4,1.428571429,1,-4,-1,1,-2,0,2,0,22,4,106,0,0,8,3.461538462,0,0,9,1,154,1,0,31,2.512690355,64.76926918
P000555,0,0,0,0,0,0,0,0,0,0,0,0,0,0,0,0,0,0,0,0,0,0,0,0,0,0,0,61.47610584
Q000016,0,2.333333333,3.333333333,1,-4,1,3,-3,4,0,0,12,2,0,0,0,0,2.8,0,0,20,0,0,0,0,0,2,61.58265219
R000178,0,2.5,0.5,0,-5,0,0,-1,0,0,0,5,0,0,0,0,0,2.333333333,0,0,1,0,0,0,0,0,7,46.67255084
R000417,0,0,0,0,0,0,0,0,0,0,0,0,0,0,0,0,0,0,0,0,0,0,0,0,0,0,0,21.5
R000487,0,0,0,0,0,0,0,0,0,0,0,0,0,0,0,0,0,0,0,0,0,0,0,0,0,0,0,39.12502876
S000119,0,8,0,8,0,0,0,0,0,1,0,7,0,0,0,0,0,7.333333333,0,0,0,0,0,0,0,0,66,39.40847713
S000332,0,4,2,4,0,0,2,0,0,0,1,3,0,0,0,0,0,1.6,0,0,2,0,0,0,0,0,2.666666667,35.52244342
S000597,0,14.83333333,2.166666667,10,-8,-9,4,2,0,2,2,85,0,0,0,0,0,3.422222222,0,0,13,0,0,0,0,0,22,28.80294454
S001004,0,3.166666667,2.833333333,7,2,4,7,5,1,1,0,18,0,0,0,0,0,2.5,0,0,14,3,0,0,0,0,2.777777778,27.04316686
S001045,0,20.44444444,4.777777778,28,-4,12,5,-2,6,5,2,174,3,0,0,0,0,3.064864865,1,2,35,5,0,0,0,0,12.88636364,25.06971718
T000024,1,0,0,0,0,0,0,0,0,0,0,0,0,0,0,0,0,0,0,0,0,0,0,0,0,0,0,20.06530121
T000113,0,2.333333333,0.666666667,0,-3,-1,0,-1,0,0,1,6,0,0,0,0,0,4.125,0,0,2,0,0,0,0,0,11,12.66324673
T000253,0,3.4,5.4,6,3,-1,6,1,-3,0,0,15,2,0,0,0,0,2.388888889,0,0,27,0,0,0,0,0,1.535714286,17.65263994
T000314,0,0,0,0,0,0,0,0,0,0,0,0,0,0,0,0,0,0,0,0,0,0,0,0,0,0,0,11.33902003
T000405,0,0,0,0,0,0,0,0,0,0,0,0,0,0,0,0,0,0,0,0,0,0,0,0,0,0,0,14.71866798
U000014,0,5.8,4.4,4,-2,0,5,-2,5,2,0,25,2,0,0,0,0,5.9,1,0,21,0,0,0,0,0,7.695652174,3.8
W000207,0,0,0,0,0,0,0,0,0,0,0,0,0,0,0,0,0,0,0,0,0,0,0,0,0,0,0,6.383296276
W000738,0,0,0,0,0,0,0,0,0,0,0,0,0,0,0,0,0,0,0,0,0,0,0,0,0,0,0,2.072723322
W000784,0,6.375,10,11,5,-1,9,1,4,0,0,47,4,0,0,0,0,2.788461538,20,3,52,5,0,0,0,0,1.790123457,0.778623334
B000081,0,0,0,0,0,0,0,0,0,0,0,0,0,0,0,0,0,0,0,0,0,0,0,0,0,0,0,205.7621854
B000169,0,9.25,4.5,1,-15,-2,7,0,4,1,4,29,3,0,0,0,0,2.763157895,1,1,15,1,0,0,0,0,5.526315789,206.3567074
B000220,0,2.857142857,2,3,2,0,5,2,1,0,0,19,1,0,0,0,0,5.047619048,1,1,11,1,0,0,0,0,7.066666667,232.6218255
B000400,0,3.75,1,4,0,0,1,0,0,1,0,14,0,0,0,0,0,3.0625,0,0,4,0,0,0,0,0,9.8,205.2837991
B000461,0,5.428571429,5.857142857,12,9,0,9,-1,3,2,0,34,2,0,0,0,0,3.769230769,0,0,37,4,0,0,0,0,3.5,205.4877825
B000622,0,3,1.5,3,0,0,2,1,0,0,0,5,1,0,0,0,0,6.428571429,0,0,3,0,0,0,0,0,11.25,187.229535
B000953,1,0,1,0,0,0,1,0,0,0,0,0,0,152,16,3,20,1.645833333,0,0,1,0,95,14,6,28,2.179310345,169.6974351
B000996,0,4,2.75,3,0,-3,1,-2,-1,2,0,14,0,0,0,0,0,2.411764706,0,0,11,0,0,0,0,0,3.416666667,215.029492
B001063,0,1,4,1,0,0,4,0,0,0,0,1,0,0,0,0,0,3.5,0,1,1,2,0,0,0,0,1.4,169.48637
B001135,1,0,0,0,0,0,0,0,0,0,0,0,0,0,0,0,0,0,0,0,0,0,0,0,0,0,0,216.8174001
C000286,1,2.5,1.5,4,0,3,1,-1,-1,0,0,9,1,96,1,0,17,2.288,1,1,3,1,101,2,2,30,2.014084507,204.2794196
C000345,0,1.666666667,0,5,5,0,0,0,0,0,1,3,1,0,0,0,0,1.833333333,0,0,0,0,0,0,0,0,11,139.0022891
C000377,0,3,2.5,5,4,0,2,-1,0,2,1,3,0,0,0,0,0,1.714285714,1,0,4,0,0,0,0,0,2,162.4077262
C000385,0,1,2,1,0,0,2,0,0,1,0,0,0,0,0,0,0,5,0,0,2,0,0,0,0,0,3.333333333,161.982712
C000560,1,0,0,0,0,0,0,0,0,0,0,0,0,42,2,0,5,2.34,0,0,0,0,107,2,2,20,0.886363636,154.6655711
C000737,0,11,2,11,0,0,2,0,0,0,0,11,0,0,0,0,0,8.583333333,0,0,2,0,0,0,0,0,34.33333333,106.5081945
C000903,0,0,0,0,0,0,0,0,0,0,0,0,0,0,0,0,0,0,0,0,0,0,0,0,0,0,0,153.7848992
C000962,0,0,0,0,0,0,0,0,0,0,0,0,0,0,0,0,0,0,0,0,0,0,0,0,0,0,0,186.2837007
C000984,0,4.307692308,5.384615385,7,3,-2,4,-6,-2,5,0,48,3,0,0,0,0,5.421052632,2,0,62,6,0,0,0,0,4.352112676,160.4440245
D000136,0,4.142857143,6.857142857,0,0,0,0,0,0,1,2,25,1,0,0,0,0,8,4,1,41,2,0,0,0,0,4.897959184,190.9847419
E000093,0,0,0,0,0,0,0,0,0,0,0,0,0,0,0,0,0,0,0,0,0,0,0,0,0,0,0,176.4941731
E000172,0,5.454545455,3.727272727,4,-3,0,0,-2,-1,4,18,33,1,0,0,0,0,2.596491228,1,1,35,0,0,0,0,0,3.894736842,142.747941
E000187,0,22.71428571,10.71428571,31,-11,19,13,-4,8,1,3,147,8,0,0,0,0,1.975,1,1,70,3,0,0,0,0,4.157894737,177.6584706
E000194,1,5,0.5,7,4,0,1,1,0,0,0,9,1,89,0,0,6,2.490566038,0,0,1,0,132,0,0,15,1.771812081,133.5166884
F000043,0,5.363636364,3.636363636,6,-10,5,2,-5,7,3,0,41,15,0,0,0,0,2.416666667,4,0,30,6,0,0,0,0,3.536585366,135.6863736
F000187,0,0,0,0,0,0,0,0,0,0,0,0,0,0,0,0,0,0,0,0,0,0,0,0,0,0,0,134.8195323
F000238,0,0,0,0,0,0,0,0,0,0,0,0,0,0,0,0,0,0,0,0,0,0,0,0,0,0,0,178.1389051
F000257,0,10,5.5,9,0,-1,8,0,4,1,0,28,2,0,0,0,0,4.21875,1,0,12,1,0,0,0,0,9,115.4526164
F000332,0,11.5,6.5,12,1,0,4,-5,0,0,0,20,3,0,0,0,0,3.541666667,2,0,11,0,0,0,0,0,6.071428571,143.0017583
F000351,0,0,4,0,0,0,4,0,0,0,0,0,0,0,0,0,0,0,0,0,3,1,0,0,0,0,0,0
F000372,0,0,0,0,0,0,0,0,0,0,0,0,0,0,0,0,0,0,0,0,0,0,0,0,0,0,0,160.3232781
F000387,0,2,2,2,0,0,2,0,0,0,0,2,0,0,0,0,0,2,0,0,2,0,0,0,0,0,2,127.9092614
F000426,0,0,3,0,0,0,3,0,0,0,0,0,0,0,0,0,0,0,1,0,2,0,0,0,0,0,0,116.4116899
G000041,0,1.5,0,1,-1,-1,0,0,0,1,0,4,1,0,0,0,0,3.142857143,0,0,0,0,0,0,0,0,22,161.9230555
G000359,1,4.5,2.5,6,-2,7,3,-1,2,1,1,15,1,165,1,2,24,2.113744076,1,0,9,0,149,0,1,32,2.310880829,151.0063814
G000536,0,0,0,0,0,0,0,0,0,0,0,0,0,0,0,0,0,0,0,0,0,0,0,0,0,0,0,150.7084631
H000329,0,21.9,1.4,10,-1,2,3,1,1,2,0,75,142,0,0,0,0,7.190909091,0,0,11,3,0,0,0,0,105.4666667,139.3853992
H000413,0,0,0,0,0,0,0,0,0,0,0,0,0,0,0,0,0,0,0,0,0,0,0,0,0,0,0,145.7540069
H000452,0,0,0,0,0,0,0,0,0,0,0,0,0,0,0,0,0,0,0,0,0,0,0,0,0,0,0,104.2516925
H000615,0,1.75,1.5,1,-3,3,3,3,-3,1,0,6,0,0,0,0,0,1.625,0,0,5,1,0,0,0,0,1.857142857,133.3530301
H000807,0,0,0,0,0,0,0,0,0,0,0,0,0,0,0,0,0,0,0,0,0,0,0,0,0,0,0,120.9311235
J000283,0,0,0,0,0,0,0,0,0,0,0,0,0,0,0,0,0,0,0,0,0,0,0,0,0,0,0,113.0332865
J000255,0,0,0,0,0,0,0,0,0,1,0,6,2,0,0,0,0,6.6,0,0,1,0,0,0,0,0,33,102.5077391
K000078,0,9,5,8,-3,-6,2,-3,1,2,0,52,0,0,0,0,0,2.8,3,0,24,3,0,0,0,0,4.967741935,128.9448453
K000113,0,5.625,4.75,8,3,2,10,4,3,3,0,39,3,0,0,0,0,2.630434783,2,0,31,5,0,0,0,0,3.102564103,118.751313
L000552,0,0,0,0,0,0,0,0,0,0,0,0,0,0,0,0,0,0,0,0,0,0,0,0,0,0,0,115.5114752
L000111,0,2.9,2.5,6,-3,7,4,3,-6,2,0,24,3,0,0,0,0,14.56666667,0,0,25,0,0,0,0,0,16.80769231,111.717755
L000553,0,8.222222222,7.777777778,15,11,0,5,-3,-5,12,0,59,3,0,0,0,0,4.693333333,7,1,55,7,0,0,0,0,4.957746479,111.3195335
L000554,0,3.083333333,3.916666667,1,0,-1,4,2,-1,0,0,35,2,0,0,0,0,5.157894737,2,1,37,7,0,0,0,0,4.083333333,105.477052
L000431,0,0,0,0,0,0,0,0,0,0,0,0,0,0,0,0,0,0,0,0,0,0,0,0,0,0,0,76.11546694
L000521,0,1,6,3,3,-1,1,-4,-7,0,0,4,0,0,0,0,0,2.4,0,0,22,2,0,0,0,0,0.48,91.63733594
M000207,0,2,2,2,0,0,2,0,0,0,0,2,0,0,0,0,0,3.666666667,0,0,2,0,0,0,0,0,3.666666667,70.44668075
M000212,0,0.75,0.75,1,0,1,0,0,-1,0,1,2,0,0,0,0,0,3,0,0,3,0,0,0,0,0,3,95.57473413
M000316,0,3.8,2.2,0,-16,13,3,-3,6,0,0,19,0,0,0,0,0,2.7,0,0,10,1,0,0,0,0,4.5,90.19375163
M000481,0,7.666666667,2.333333333,16,15,-5,7,7,0,1,0,21,1,0,0,0,0,3.25,1,0,6,0,0,0,0,0,9.75,81.58980659
M000669,0,9.666666667,2,8,-6,7,1,-4,5,1,0,28,0,0,0,0,0,4.733333333,0,0,6,0,0,0,0,0,20.28571429,81.67265113
M000714,0,11.28571429,3,6,-23,11,0,-3,0,13,0,53,13,0,0,0,0,3.4,3,0,17,1,0,0,0,0,12.36363636,84.63891266
M001134,0,0,0,0,0,0,0,0,0,0,0,0,0,0,0,0,0,0,0,0,0,0,0,0,0,0,0,79.40688266
N000051,0,0,0,0,0,0,0,0,0,0,0,0,0,0,0,0,0,0,0,0,0,0,0,0,0,0,0,86.09108639
N000054,0,3.5,1.5,5,3,0,3,3,0,1,0,6,0,0,0,0,0,1.625,1,0,2,0,0,0,0,0,3.25,58.74302
N000081,0,0,0,0,0,0,0,0,0,0,0,0,0,0,0,0,0,0,0,0,0,0,0,0,0,0,0,86.06166107
N000159,0,3.857142857,5.571428571,2,-4,-2,0,-6,1,0,0,25,2,0,0,0,0,3.714285714,2,1,35,1,0,0,0,0,2.6,77.5488781
R000004,0,0,0,0,0,0,0,0,0,0,0,0,0,0,0,0,0,0,0,0,0,0,0,0,0,0,0,60.49745518
R000281,0,8.25,4.75,13,2,4,7,0,2,2,0,27,4,0,0,0,0,2.205882353,1,1,17,0,0,0,0,0,3.75,46.26549516
R000566,0,0,0,0,0,0,0,0,0,0,0,0,0,0,0,0,0,0,0,0,0,0,0,0,0,0,0,43.84549224
S000018,0,11.4,3.2,31,14,11,5,-1,5,1,0,55,1,0,0,0,0,3.172413793,3,1,10,2,0,0,0,0,10.82352941,40.2467042
S000051,0,1.666666667,1.333333333,6,3,2,6,4,2,0,0,10,0,0,0,0,0,3.181818182,0,1,7,0,0,0,0,0,3.888888889,28.77063884
S000106,0,8,2,6,-4,1,0,-3,-1,5,1,25,1,0,0,0,0,3.303030303,0,0,8,0,0,0,0,0,12.11111111,40.28585057
S000213,0,0,0,0,0,0,0,0,0,0,0,0,0,0,0,0,0,0,0,0,0,0,0,0,0,0,0,33.4021879
S000275,0,0,0,0,0,0,0,0,0,0,0,0,0,0,0,0,0,0,0,0,0,0,0,0,0,0,0,34.91577801
S000587,0,4.5,1,4,-1,0,1,0,0,1,0,8,0,0,0,0,0,2.4,0,0,2,0,0,0,0,0,8,27.31559293
S001143,0,0,0,0,0,0,0,0,0,0,0,0,0,0,0,0,0,0,0,0,0,0,0,0,0,0,0,28.6966396
S000937,0,28,4.5,41,26,0,9,9,0,2,1,39,14,0,0,0,0,3.175438596,0,0,9,0,0,0,0,0,18.1,17.6581487
T000048,0,0,0,0,0,0,0,0,0,0,0,0,0,0,0,0,0,0,0,0,0,0,0,0,0,0,0,18.60052014
T000238,0,0,0,0,0,0,0,0,0,0,0,0,0,0,0,0,0,0,0,0,0,0,0,0,0,0,0,19.36186237
T000260,0,5,2.375,14,8,2,9,2,6,4,0,29,7,0,0,0,0,2.707317073,0,0,15,4,0,0,0,0,5.55,17.23821796
W000119,0,2.375,2.875,8,5,1,4,0,-2,2,0,15,2,0,0,0,0,1.75,0,0,19,4,0,0,0,0,1.458333333,10.77497295
W000139,0,0,0,0,0,0,0,0,0,0,0,0,0,0,0,0,0,0,0,0,0,0,0,0,0,0,0,7.060229764
W000210,0,0,0,0,0,0,0,0,0,0,0,0,0,0,0,0,0,0,0,0,0,0,0,0,0,0,0,9.860320022
W000267,0,0,0,0,0,0,0,0,0,0,0,0,0,0,0,0,0,0,0,0,0,0,0,0,0,0,0,8.720828552
W000273,0,0,0,0,0,0,0,0,0,0,0,0,0,0,0,0,0,0,0,0,0,0,0,0,0,0,0,7.403046882
W000391,0,3,1.5,2,-2,0,1,-1,0,1,0,5,0,0,0,0,0,4,0,0,3,0,0,0,0,0,7,5.642197904
W000413,0,0,0,0,0,0,0,0,0,0,0,0,0,0,0,0,0,0,0,0,0,0,0,0,0,0,0,6.629623111
W000437,1,0,0,0,0,0,0,0,0,0,0,0,0,0,0,0,0,0,0,0,0,0,0,0,0,0,0,4.860074785
A000357,0,3.5,3.5,7,6,-2,8,3,1,1,0,20,0,0,0,0,0,5.136363636,0,0,19,2,0,0,0,0,5.136363636,231.7990739
B000420,0,8.571428571,4.428571429,4,-6,-13,4,-4,1,0,0,57,3,0,0,0,0,3,0,1,25,5,0,0,0,0,5.71875,226.2300782
B000518,0,0,0,0,0,0,0,0,0,0,0,0,0,0,0,0,0,0,0,0,0,0,0,0,0,0,0,210.831208
B000575,1,3.428571429,2.857142857,1,-7,4,4,-1,5,0,0,22,2,48,14,0,32,4.504201681,1,0,16,3,175,2,0,39,2.261603376,224.152833
B001228,0,5,3.25,6,-4,2,2,-8,7,2,0,33,5,0,0,0,0,4.780487805,0,0,21,5,0,0,0,0,7.259259259,223.8246675
B000652,0,5.375,3,10,6,-3,5,3,-1,0,1,38,4,0,0,0,0,2.772727273,1,2,21,0,0,0,0,0,4.88,214.9215516
B000716,0,2.857142857,1.857142857,7,4,0,3,-1,0,0,0,19,1,0,0,0,0,4.904761905,1,0,9,3,0,0,0,0,7.357142857,227.2199867
B001227,0,7.272727273,4.636363636,2,-10,6,9,3,3,8,0,52,20,0,0,0,0,5.345679012,1,0,44,6,0,0,0,0,8.326923077,181.5385407
C000116,0,0,0,0,0,0,0,0,0,0,0,0,0,0,0,0,0,0,0,0,0,0,0,0,0,0,0,201.0230165
C000134,0,0,1,0,0,0,1,0,0,0,0,0,0,0,0,0,0,0,1,0,0,0,0,0,0,0,0,166.7218642
C001036,0,5.2,5.3,3,-3,-1,4,-1,0,0,0,49,3,0,0,0,0,4.735849057,3,0,48,2,0,0,0,0,4.648148148,186.8579436
C000191,0,0,0,0,0,0,0,0,0,0,0,0,0,0,0,0,0,0,0,0,0,0,0,0,0,0,0,188.9808053
C000380,0,0,0,0,0,0,0,0,0,0,0,0,0,0,0,0,0,0,0,0,0,0,0,0,0,0,0,49.44444444
C000722,0,7,5,9,4,0,5,0,0,1,0,13,0,0,0,0,0,1.933333333,0,0,10,0,0,0,0,0,2.636363636,193.2699695
C000735,0,2.333333333,2.666666667,1,0,-4,3,2,-3,0,0,7,0,0,0,0,0,2.5,0,0,7,1,0,0,0,0,2.222222222,210.8950365
D000114,0,0,0,0,0,0,0,0,0,0,0,0,0,0,0,0,0,0,0,0,0,0,0,0,0,0,0,190.9170115
D000210,0,1.142857143,1.571428571,8,8,0,11,11,0,0,0,7,1,0,0,0,0,2.111111111,0,0,6,5,0,0,0,0,1.583333333,174.3495992
E000226,0,3.571428571,4,3,-8,5,6,0,3,1,0,23,1,0,0,0,0,2.153846154,2,0,24,2,0,0,0,0,1.931034483,177.9954273
F000262,0,0,0,0,0,0,0,0,0,0,0,2,0,0,0,0,0,6.666666667,0,0,2,0,0,0,0,0,6.666666667,160.7081148
F000440,0,0,0,0,0,0,0,0,0,0,0,0,0,0,0,0,0,0,0,0,0,0,0,0,0,0,0,172.3874207
G000152,0,0,0,0,0,0,0,0,0,0,0,0,0,0,0,0,0,0,0,0,0,0,0,0,0,0,0,168.9754875
G000280,0,0,0,0,0,0,0,0,0,0,0,0,0,0,0,0,0,0,0,0,0,0,0,0,0,0,0,108.9555869
H000605,0,11,1.5,10,-2,0,0,-3,0,0,0,22,0,0,0,0,0,6.173913043,0,0,3,0,0,0,0,0,35.5,138.1510805
H000636,0,0,0,0,0,0,0,0,0,0,0,0,0,0,0,0,0,0,0,0,0,0,0,0,0,0,0,134.4080386
H000762,0,12.5,11.16666667,16,-3,-3,8,2,-6,1,0,69,5,0,0,0,0,3.342105263,4,0,60,3,0,0,0,0,3.735294118,140.4512707
H000948,0,9.833333333,1,24,5,19,2,1,0,0,0,57,2,0,0,0,0,2.1,0,0,6,0,0,0,0,0,18,137.9678325
H001014,0,3.333333333,3.666666667,2,-3,2,2,-2,-1,0,1,9,0,0,0,0,0,5.545454545,0,0,11,0,0,0,0,0,5.083333333,144.1364489
J000082,0,0,0,0,0,0,0,0,0,0,0,0,0,0,0,0,0,0,0,0,0,0,0,0,0,0,0,137.3858412
J000110,0,4.25,1.5,14,13,0,1,-2,2,2,0,14,1,0,0,0,0,2.944444444,0,0,6,0,0,0,0,0,7.571428571,138.8437137
J000149,0,2,1,2,0,0,1,0,0,0,0,2,0,0,0,0,0,1,0,0,1,0,0,0,0,0,1.5,106.3947983
K000180,0,0,0,0,0,0,0,0,0,0,0,0,0,0,0,0,0,0,0,0,0,0,0,0,0,0,0,118.1746539
K000336,0,5,8,6,1,0,8,-3,7,2,0,30,8,0,0,0,0,3.243902439,2,0,57,5,0,0,0,0,2.046153846,93.00511893
L000043,0,0,0,0,0,0,0,0,0,0,0,0,0,0,0,0,0,0,0,0,0,0,0,0,0,0,0,120.3456509
M000090,0,6,3.333333333,9,4,1,4,-2,6,0,0,17,1,0,0,0,0,1.631578947,0,0,9,1,0,0,0,0,2.818181818,105.7979835
M000309,0,8.111111111,6.777777778,2,-3,-11,5,1,1,5,0,61,7,0,0,0,0,2.418918919,4,0,53,4,0,0,0,0,2.887096774,96.96726376
M000485,0,4.222222222,3.444444444,10,4,5,4,-4,5,0,0,37,1,0,0,0,0,2.897435897,1,0,28,2,0,0,0,0,3.53125,94.28895456
M000934,1,6.857142857,4.142857143,18,11,5,12,0,11,2,1,41,4,87,1,1,12,3.286666667,0,0,25,4,151,1,0,21,2.428571429,86.69254952
N000143,0,0,0,0,0,0,0,0,0,0,0,0,0,0,0,0,0,0,0,0,0,0,0,0,0,0,0,90.88424834
P000049,0,2,2,2,0,0,2,0,0,0,0,1,1,0,0,0,0,2.333333333,0,0,2,0,0,0,0,0,2.333333333,68.98256039
P000583,0,31.25,11.875,43,2,8,10,-8,3,4,9,236,1,0,0,0,0,3.067729084,2,1,90,2,0,0,0,0,8.020833333,25.42144996
P000171,0,2,0.5,2,0,0,0,-1,0,0,0,3,1,0,0,0,0,7.4,0,0,1,0,0,0,0,0,18.5,75.45616211
P000263,0,2.666666667,2,4,2,1,1,0,1,1,0,15,0,0,0,0,0,4.176470588,2,0,9,1,0,0,0,0,5.461538462,75.33236373
P000323,0,0,0,0,0,0,0,0,0,0,0,0,0,0,0,0,0,0,0,0,0,0,0,0,0,0,0,73.48037417
P000373,0,0,0,0,0,0,0,0,0,0,0,0,0,0,0,0,0,0,0,0,0,0,0,0,0,0,0,67.16491574
R000567,0,7,7,7,0,0,7,0,0,1,0,6,0,0,0,0,0,2.5,0,0,6,1,0,0,0,0,2.5,57.6226531
R000170,0,6.75,2.875,3,-4,-5,2,-7,7,5,0,43,6,0,0,0,0,7.781818182,0,0,21,2,0,0,0,0,17.83333333,56.43683286
R000258,0,1,1.333333333,1,-1,2,0,-2,0,0,0,3,0,0,0,0,0,7,1,0,3,0,0,0,0,0,5.6,61.92070503
R000568,0,4.5,1.5,11,3,4,2,0,0,2,0,22,3,0,0,0,0,3.321428571,1,0,7,1,0,0,0,0,9.3,57.56484045
R000386,0,7,3.5,11,8,0,4,1,0,1,0,13,0,0,0,0,0,5.333333333,0,0,7,0,0,0,0,0,10,58.37789586
R000462,0,6.125,4.75,10,5,0,8,-5,8,1,0,47,1,0,0,0,0,2.18,2,1,29,6,0,0,0,0,2.794871795,50.8686009
S000030,0,0,0,0,0,0,0,0,0,0,0,0,0,0,0,0,0,0,0,0,0,0,0,0,0,0,0,41.96443182
S000044,0,0,0,0,0,0,0,0,0,0,0,0,0,0,0,0,0,0,0,0,0,0,0,0,0,0,0,48.66149408
S000112,0,4.666666667,12.33333333,6,2,0,19,7,6,1,0,11,2,0,0,0,0,5.733333333,4,0,29,4,0,0,0,0,2.263157895,42.39761274
S000364,0,2.666666667,2.416666667,2,0,-8,2,1,0,3,0,29,0,0,0,0,0,4.666666667,1,0,26,2,0,0,0,0,5.133333333,36.46789185
S000662,0,6,1,6,0,0,1,0,0,0,0,6,0,0,0,0,0,1.857142857,0,0,1,0,0,0,0,0,6.5,27.28734477
S000672,0,1.285714286,4.571428571,1,-2,-1,4,-4,2,0,0,8,1,0,0,0,0,2.6,0,0,26,6,0,0,0,0,0.787878788,32.83276374
S000770,1,3.5,3.5,6,5,0,2,-3,0,2,0,5,0,141,2,0,52,2.374384236,1,0,6,0,263,9,1,30,1.549839228,28.27704431
S001078,1,3.333333333,2.333333333,3,-3,5,4,4,-3,0,0,10,0,18,2,0,2,5.363636364,0,0,7,0,24,1,0,1,5.205882353,28.58552848
T000057,0,11.42857143,4.714285714,0,-51,29,2,-2,-2,1,0,79,0,0,0,0,0,2.444444444,3,0,27,3,0,0,0,0,5.823529412,24.27793019
T000250,1,0,0,0,0,0,0,0,0,0,0,0,0,162,1,1,7,3.976744186,0,0,0,0,123,1,4,24,4.470588235,21.20890704
T000266,0,1.333333333,2.777777778,2,-3,3,4,2,-1,0,0,11,1,0,0,0,0,2.230769231,0,0,23,2,0,0,0,0,1.115384615,16.37083348
T000424,0,0,0,0,0,0,0,0,0,0,0,0,0,0,0,0,0,0,0,0,0,0,0,0,0,0,0,16.43904457
W000194,0,7.666666667,3.666666667,12,8,-3,2,-2,-1,0,0,22,1,0,0,0,0,2.75,1,1,8,1,0,0,0,0,5.5,11.40944408
W000314,0,4,6.142857143,3,-6,4,5,-3,1,1,0,24,3,0,0,0,0,2.620689655,3,0,32,8,0,0,0,0,1.727272727,4.965746694
W000315,0,13,2.5,9,-8,0,1,-3,0,1,0,25,0,0,0,0,0,2.740740741,1,0,4,0,0,0,0,0,12.33333333,4.751618384
W000789,0,0,0,0,0,0,0,0,0,0,0,0,0,0,0,0,0,0,0,0,0,0,0,0,0,0,0,3.774356965
B001234,0,10.85714286,4.428571429,21,6,3,5,-1,-1,4,2,69,1,0,0,0,0,2.766233766,1,0,30,0,0,0,0,0,6.65625,234.9757862
B001229,0,7.166666667,8.666666667,7,-6,6,13,4,0,0,4,36,3,0,0,0,0,4.386363636,0,3,41,8,0,0,0,0,3.641509434,237.1540658
B001230,1,3.142857143,5.571428571,4,-2,3,2,-6,1,1,0,17,4,98,2,0,5,2.5703125,0,0,30,9,199,2,0,29,1.218518519,211.5752274
B001231,0,5.714285714,7.285714286,10,1,4,7,-16,12,0,0,34,6,0,0,0,0,3.024390244,0,0,44,7,0,0,0,0,2.384615385,224.9496402
B001232,0,9.142857143,4.714285714,21,14,-13,8,-1,0,0,0,51,13,0,0,0,0,4.338461538,2,0,28,3,0,0,0,0,8.294117647,234.7283579
C001037,0,6.5,5.4,15,6,-3,11,8,-5,0,0,60,5,0,0,0,0,2.606060606,3,0,48,3,0,0,0,0,3.127272727,167.1879507
C001038,0,9.6,6.3,31,25,-2,9,5,-3,7,1,61,27,0,0,0,0,2.886597938,0,0,53,10,0,0,0,0,4.375,167.6446216
D000595,1,12.66666667,2.666666667,19,6,7,2,-2,2,0,0,38,0,87,2,2,9,1.532374101,0,1,7,0,49,4,4,11,2.766233766,201.258705
F000441,0,0,0,0,0,0,0,0,0,0,0,0,0,0,0,0,0,0,0,0,0,0,0,0,0,0,0,190.9835915
G000544,0,0,0,0,0,0,0,0,0,0,0,0,0,0,0,0,0,0,0,0,0,0,0,0,0,0,0,155.606556
G000545,0,0,0,0,0,0,0,0,0,0,0,0,0,0,0,0,0,0,0,0,0,0,0,0,0,0,0,166.4568291
H001029,0,0,0,0,0,0,0,0,0,0,0,0,0,0,0,0,0,0,0,0,0,0,0,0,0,0,0,154.1033295
H001030,0,4.6,1.6,8,-1,7,1,-2,-1,0,0,22,1,0,0,0,0,2.791666667,0,1,6,1,0,0,0,0,7.444444444,155.8556058
H001031,0,2,3,3,2,-1,5,4,-2,2,0,4,0,0,0,0,0,2.285714286,2,0,6,1,0,0,0,0,1.6,153.1528954
H001032,0,3.875,3.625,10,-11,21,13,-3,16,2,0,29,0,0,0,0,0,2.625,0,0,29,0,0,0,0,0,2.8,127.4248493
I000055,1,7.666666667,2.333333333,6,-1,-3,2,0,-1,0,0,22,1,105,3,0,42,2.568965517,0,0,6,1,193,1,4,63,1.661710037,151.5907114
J000284,0,2.8,5.2,4,-3,6,4,3,-9,2,0,9,3,0,0,0,0,1.866666667,4,0,19,3,0,0,0,0,1.037037037,125.6445505
K000357,0,5,6,5,0,0,6,0,0,1,0,3,1,0,0,0,0,1.333333333,0,0,6,0,0,0,0,0,1.142857143,132.3285514
L000558,0,0,0,0,0,0,0,0,0,0,0,0,0,0,0,0,0,0,0,0,0,0,0,0,0,0,0,120.6167186
M001139,0,3.5,2.125,3,-3,1,1,0,-3,3,0,24,1,0,0,0,0,4.034482759,1,0,15,1,0,0,0,0,6.5,88.02873769
M001140,0,4.333333333,6.333333333,6,3,0,10,-2,7,0,0,24,2,0,0,0,0,4.185185185,0,0,30,8,0,0,0,0,2.897435897,91.93972537
O000164,0,4.666666667,4.666666667,8,2,6,5,-1,3,2,2,9,1,0,0,0,0,3,2,1,10,1,0,0,0,0,3,89.86211422
P000584,0,1,2,2,2,0,2,0,0,1,0,0,1,0,0,0,0,1.333333333,1,0,3,0,0,0,0,0,0.8,74.34492124
R000569,0,24,1,9,2,-20,1,1,0,1,0,28,91,0,0,0,0,6.280991736,0,0,5,0,0,0,0,0,126.6666667,62.78400407
R000570,0,0.5,0.4,1,-3,4,0,-4,4,0,0,3,2,0,0,0,0,11.33333333,0,0,4,0,0,0,0,0,13.6,42.23252805
S001146,0,0,0,0,0,0,0,0,0,0,0,0,0,0,0,0,0,0,0,0,0,0,0,0,0,0,0,45.65150375
S001147,0,4.5,4,7,5,0,4,0,0,2,0,5,2,0,0,0,0,2,0,0,7,1,0,0,0,0,2.222222222,45.50334974
S001149,0,19,2.75,10,0,-13,2,-1,-1,4,0,68,4,0,0,0,0,2.896103896,0,0,9,2,0,0,0,0,18.58333333,29.00124318
T000458,0,10,8.4,15,7,-1,3,-1,-9,5,0,38,7,0,0,0,0,3.274509804,3,0,36,3,0,0,0,0,3.88372093,23.05976108
T000459,0,9.25,7.125,9,6,-9,6,-4,0,1,5,60,8,0,0,0,0,2.893333333,0,1,50,6,0,0,0,0,3.74137931,22.08404288
T000461,1,6,2.666666667,7,2,-1,2,0,-2,3,0,14,1,0,0,0,0,4.052631579,0,0,7,1,0,0,0,0,8.555555556,17.63818898
U000038,1,20,11.8,25,-5,8,7,-1,-5,1,1,91,7,31,0,0,8,4.707142857,5,0,47,7,45,0,0,18,5.357723577,16.30667698
U000039,1,9.6,4.6,11,1,4,3,-1,-4,0,0,44,4,170,3,0,13,3.582978723,0,0,22,1,223,1,1,26,3.061818182,15.27902826
V000127,1,14,2,23,8,11,4,3,0,8,2,31,1,392,5,12,37,1.865030675,1,0,5,0,177,1,3,28,4.222222222,15.38752867
W000791,0,7.454545455,9.090909091,14,0,8,7,-14,11,0,0,77,5,0,0,0,0,8.373493976,5,1,85,9,0,0,0,0,6.881188119,14.07718517
W000792,0,0,0,0,0,0,0,0,0,0,0,0,0,0,0,0,0,0,0,0,0,0,0,0,0,0,0,5.686067663
W000793,0,13.14285714,11.14285714,3,-13,4,8,-8,-4,1,0,82,9,0,0,0,0,2.946236559,2,0,69,7,0,0,0,0,3.46835443,1.313348573
A000359,0,0,0,0,0,0,0,0,0,0,0,0,0,0,0,0,0,0,0,0,0,0,0,0,0,0,0,0
A000358,0,0,0,0,0,0,0,0,0,0,0,0,0,0,0,0,0,0,0,0,0,0,0,0,0,0,0,220.4991461
B001236,1,7,7.6,17,6,10,8,-10,8,0,0,26,9,40,4,7,8,4.821052632,2,0,32,4,140,3,4,24,2.180952381,224.8108283
B001235,0,0,0,0,0,0,0,0,0,0,0,0,0,0,0,0,0,0,0,0,0,0,0,0,0,0,0,224.2751802
C001046,0,5.428571429,2.857142857,5,-10,10,0,-1,-6,4,0,18,16,0,0,0,0,6.615384615,5,0,13,2,0,0,0,0,12.28571429,198.1294296
C001047,1,12.57142857,2.571428571,1,-23,17,1,-2,0,0,0,66,22,25,0,0,5,3.218487395,0,0,17,1,113,0,0,16,2.587837838,208.6972603
C001044,0,9,4,15,12,0,6,4,0,1,0,17,0,0,0,0,0,5.052631579,0,1,7,0,0,0,0,0,10.66666667,226.4024954
C001049,0,0,0,0,0,0,0,0,0,0,0,0,0,0,0,0,0,0,0,0,0,0,0,0,0,0,0,168.6947864
C001045,0,2.125,1.75,3,-1,1,1,-1,1,1,1,15,0,0,0,0,0,23.16666667,0,0,14,0,0,0,0,0,27.8,189.9892833
C001048,0,0,0,0,0,0,0,0,0,0,0,0,0,0,0,0,0,0,0,0,0,0,0,0,0,0,0,174.547313
D000597,0,0,0,0,0,0,0,0,0,0,0,0,0,0,0,0,0,0,0,0,0,0,0,0,0,0,0,201.1897245
D000598,0,7,4.5,5,-6,2,7,1,0,2,0,62,6,0,0,0,0,3.154929577,0,0,33,12,0,0,0,0,4.869565217,160.9838463
F000443,0,0,0,0,0,0,0,0,0,0,0,0,0,0,0,0,0,0,0,0,0,0,0,0,0,0,0,182.3608793
F000444,1,8.333333333,3.5,7,-18,19,3,-3,6,1,0,31,18,91,0,1,4,3.421768707,1,1,18,1,67,2,2,9,4.931372549,103.6478634
F000445,0,6.375,2.25,6,1,-1,1,0,0,0,0,47,4,0,0,0,0,2.576923077,2,0,15,1,0,0,0,0,7.052631579,162.7544826
G000547,0,0,0,0,0,0,0,0,0,0,0,0,0,0,0,0,0,0,0,0,0,0,0,0,0,0,0,193.898218
H001033,0,9,4.333333333,14,11,-7,4,1,-3,0,0,27,0,0,0,0,0,3.392857143,1,0,11,1,0,0,0,0,6.785714286,170.3178681
H001034,0,6.875,7.25,9,-2,-14,12,5,0,0,0,49,6,0,0,0,0,3.267857143,2,0,49,7,0,0,0,0,3.101694915,114.6893128
I000057,0,24.25,7.375,29,-3,-10,2,-7,1,9,1,169,15,0,0,0,0,2.415384615,1,0,51,7,0,0,0,0,7.85,120.8502868
J000285,0,5.166666667,2.166666667,11,7,0,5,4,-2,0,0,29,2,0,0,0,0,2.21875,0,0,13,0,0,0,0,0,5.071428571,125.7737706
K000361,0,2.5,2,3,2,-1,3,3,-1,0,0,10,0,0,0,0,0,4.636363636,0,0,7,1,0,0,0,0,5.666666667,132.4817447
K000358,0,6.333333333,2.666666667,10,4,3,3,0,1,3,0,14,2,0,0,0,0,2.8,0,0,8,0,0,0,0,0,6.222222222,140.3418747
K000359,0,1,2,1,0,0,2,0,0,0,0,1,0,0,0,0,0,1.5,1,0,1,0,0,0,0,0,1,125.8872074
K000360,1,8.2,2.4,12,2,-5,4,2,0,0,0,37,3,61,1,0,6,2.495412844,1,0,9,2,74,0,1,28,2.344827586,126.9220409
M001142,0,6.285714286,6.857142857,6,-5,-2,11,3,1,0,0,43,1,0,0,0,0,5.733333333,1,0,45,2,0,0,0,0,5.265306122,99.15588733
M001144,0,8.625,6.75,26,18,2,5,2,-1,6,0,61,2,0,0,0,0,6.142857143,1,2,48,3,0,0,0,0,7.818181818,78.22632851
O000165,0,0,0,0,0,0,0,0,0,0,0,0,0,0,0,0,0,0,0,0,0,0,0,0,0,0,0,90.10380831
O000166,0,0,0,0,0,0,0,0,0,0,0,0,0,0,0,0,0,0,0,0,0,0,0,0,0,0,0,81.15661733
P000587,0,10.33333333,2.833333333,2,-15,15,1,-5,3,1,0,41,20,0,0,0,0,1.761904762,1,0,10,6,0,0,0,0,6.166666667,65.5811184
P000585,0,0,0,0,0,0,0,0,0,0,0,0,0,0,0,0,0,0,0,0,0,0,0,0,0,0,0,68.73671615
P000586,0,11.8,2.2,5,-12,-13,3,-3,5,0,0,12,47,0,0,0,0,5.5,1,1,8,1,0,0,0,0,27.5,63.99428642
R000571,0,6.166666667,1,12,-13,25,0,-6,6,1,0,34,2,0,0,0,0,3.131578947,0,0,6,0,0,0,0,0,17,60.15315407
R000572,0,0,0,0,0,0,0,0,0,0,0,0,0,0,0,0,0,0,0,0,0,0,0,0,0,0,0,54.35962513
R000573,0,9.333333333,7.666666667,25,24,-15,3,-1,-4,2,0,51,3,0,0,0,0,3.859649123,2,0,39,5,0,0,0,0,4.680851064,55.34931097
S001151,0,1,0.5,2,2,0,0,-1,0,0,0,2,0,0,0,0,0,2,0,0,1,0,0,0,0,0,3,54.50756367
S001154,0,5.111111111,2,8,-4,11,4,0,3,8,0,31,7,0,0,0,0,10.63829787,0,0,16,2,0,0,0,0,26.31578947,34.99763298
S001152,0,0,0,0,0,0,0,0,0,0,0,0,0,0,0,0,0,0,0,0,0,0,0,0,0,0,0,41.23678085
S001153,0,2,1.6,0,-6,3,0,-1,0,0,0,10,0,0,0,0,0,2.818181818,0,0,8,0,0,0,0,0,3.444444444,30.0355065
S001155,0,2.833333333,3.666666667,6,3,-1,4,-4,5,0,0,14,3,0,0,0,0,4,1,1,19,1,0,0,0,0,3.130434783,24.46957403
T000462,0,0,0,0,0,0,0,0,0,0,0,0,0,0,0,0,0,0,0,0,0,0,0,0,0,0,0,19.20800924
W000794,0,0,0,0,0,0,0,0,0,0,0,0,0,0,0,0,0,0,0,0,0,0,0,0,0,0,0,9.307353435
A000361,0,4.285714286,1.571428571,6,2,-5,0,0,-1,4,0,22,2,0,0,0,0,2.896551724,1,0,6,0,0,0,0,0,10.5,193.334444
B001238,0,0,0,0,0,0,0,0,0,0,0,0,0,0,0,0,0,0,0,0,0,0,0,0,0,0,0,239.2539141
B001239,0,4.75,2,5,-3,7,2,1,-1,0,0,16,3,0,0,0,0,2.1,0,1,7,0,0,0,0,0,4.666666667,211.7874116
B001240,0,8.5,12.5,10,3,0,6,-13,0,2,0,15,0,0,0,0,0,3.388888889,1,0,22,2,0,0,0,0,2.346153846,256.0261293
B001241,0,4,3,4,0,0,3,0,0,0,0,3,1,0,0,0,0,2.4,0,0,2,1,0,0,0,0,3,235.6358048
B001250,0,12.55555556,4.777777778,6,-5,3,5,2,-1,1,2,51,59,0,0,0,0,7.728070175,0,0,39,4,0,0,0,0,20.02272727,195.4706845
B001242,0,5.666666667,7.666666667,8,2,-5,7,-1,-2,2,0,29,3,0,0,0,0,3.542857143,2,0,43,1,0,0,0,0,2.638297872,202.7896536
B001243,1,7,6.5,15,-3,7,13,0,10,1,0,54,1,26,0,0,3,3.779069767,1,1,47,3,93,2,0,4,2.138157895,196.4407206
B001244,0,11.5,2,0,-32,30,1,0,-7,0,0,67,2,0,0,0,0,1.742857143,0,0,8,4,0,0,0,0,9.384615385,209.4945152
B001245,0,4.75,8.375,10,3,3,8,-1,4,0,1,36,1,0,0,0,0,5.692307692,1,0,50,16,0,0,0,0,3.264705882,52.875
B001246,0,0,0,0,0,0,0,0,0,0,0,0,0,0,0,0,0,0,0,0,0,0,0,0,0,0,0,240.2329377
B001247,0,7,8.25,9,-3,8,11,-3,11,0,0,26,2,0,0,0,0,3.034482759,1,1,28,3,0,0,0,0,2.588235294,210.4277254
B001249,0,8,1,8,0,0,1,0,0,0,0,8,0,0,0,0,0,5.333333333,0,0,1,0,0,0,0,0,24,238.4470419
B001251,0,3.666666667,3.333333333,10,9,-1,3,-3,3,2,1,29,1,0,0,0,0,3.705882353,0,0,25,5,0,0,0,0,4.064516129,176.6163425
C001050,0,0,0,0,0,0,0,0,0,0,0,0,0,0,0,0,0,0,0,0,0,0,0,0,0,0,0,201.556456
C001058,0,2.6,1.6,3,0,-1,1,-3,3,0,0,11,2,0,0,0,0,4.142857143,1,0,5,2,0,0,0,0,6.444444444,199.6788232
C001052,0,1,0,2,2,0,0,0,0,0,0,2,0,0,0,0,0,6.333333333,0,0,0,0,0,0,0,0,19,216.1599758
D000599,0,3,4,3,-3,3,4,4,-6,1,0,10,1,0,0,0,0,2,0,2,13,1,0,0,0,0,1.529411765,199.924801
D000602,0,5,3.75,9,2,5,4,-1,5,0,0,14,6,0,0,0,0,2,1,0,10,4,0,0,0,0,2.625,194.0402663
E000287,0,9.333333333,4.333333333,22,18,2,5,-1,4,0,0,8,20,0,0,0,0,2.655172414,1,0,11,1,0,0,0,0,5.5,172.6548728
F000447,0,0,0,0,0,0,0,0,0,0,0,0,0,0,0,0,0,0,0,0,0,0,0,0,0,0,0,156.6790692
F000448,0,2.25,5,4,1,2,9,4,1,1,0,14,3,0,0,0,0,2.947368421,0,0,33,7,0,0,0,0,1.365853659,132.9080465
G000548,0,8.428571429,5.428571429,15,11,-2,2,-4,-2,1,0,57,1,0,0,0,0,3.383333333,0,0,37,1,0,0,0,0,5.205128205,136.4315147
G000549,0,13.5,6,7,-36,35,5,-3,-1,2,0,76,3,0,0,0,0,2.731707317,0,0,27,9,0,0,0,0,6.054054054,156.5007823
G000550,0,12,2.666666667,6,0,1,2,-1,-1,0,1,18,53,0,0,0,0,5.98630137,0,0,15,1,0,0,0,0,25.70588235,137.8949398
H001035,0,4,3.5,8,8,0,5,3,0,0,0,6,2,0,0,0,0,2.888888889,0,0,7,0,0,0,0,0,3.25,161.800835
H001036,0,4.375,2.75,2,1,1,2,-3,2,0,0,17,18,0,0,0,0,3.555555556,0,0,20,2,0,0,0,0,5.565217391,120.7508865
H001037,0,7.75,3.75,22,13,9,8,1,7,0,0,30,1,0,0,0,0,4.53125,0,0,12,3,0,0,0,0,9.0625,154.25417
J000286,0,2,1,2,0,0,1,0,0,0,0,2,0,0,0,0,0,1.666666667,0,0,1,0,0,0,0,0,2.5,142.1722469
K000362,0,9.111111111,3.777777778,25,8,6,4,-5,5,0,7,66,9,0,0,0,0,3.048192771,1,3,24,6,0,0,0,0,7.228571429,98.79570157
K000363,0,1.142857143,3.571428571,1,0,-1,4,2,-2,0,0,7,1,0,0,0,0,1.777777778,0,0,24,1,0,0,0,0,0.615384615,111.0321818
M001145,0,0,0,0,0,0,0,0,0,0,0,0,0,0,0,0,0,0,0,0,0,0,0,0,0,0,0,107.2297533
M001146,0,4.5,5.25,6,-1,3,8,1,1,0,0,14,4,0,0,0,0,2.684210526,1,1,19,0,0,0,0,0,2.318181818,108.0361436
M001147,0,0,0,0,0,0,0,0,0,0,0,0,0,0,0,0,0,0,0,0,0,0,0,0,0,0,0,93.19070897
M001148,0,5.75,5.5,15,8,6,9,0,7,0,0,23,0,0,0,0,0,2.166666667,0,0,17,5,0,0,0,0,2.260869565,97.38273654
M001149,0,7.833333333,11.66666667,11,5,0,10,-6,-3,1,2,40,4,0,0,0,0,3.75,0,0,67,3,0,0,0,0,2.535211268,79.89668809
M001150,0,4.857142857,3.714285714,11,3,4,7,1,6,2,0,19,13,0,0,0,0,5.2,0,0,22,4,0,0,0,0,6.740740741,83.84470031
M001154,0,2.4,1.8,2,1,-5,1,-2,-1,0,0,10,2,0,0,0,0,3.153846154,0,0,9,0,0,0,0,0,4.1,82.46261626
M001151,0,11,2.375,0,-2,0,0,-1,-1,1,0,86,1,0,0,0,0,2.337078652,1,0,17,1,0,0,0,0,10.4,80.78501758
M001152,0,10.33333333,8.666666667,12,-4,13,5,-1,-9,2,1,23,5,0,0,0,0,4.5,1,0,24,1,0,0,0,0,5.333333333,80.0437455
N000182,0,4.285714286,1.714285714,2,-5,-1,4,4,-4,0,4,23,3,0,0,0,0,3.483870968,0,0,11,1,0,0,0,0,8.307692308,70.885837
P000588,0,0,0,0,0,0,0,0,0,0,0,0,0,0,0,0,0,0,0,0,0,0,0,0,0,0,0,68.03890683
P000589,0,0,0,0,0,0,0,0,0,0,0,0,0,0,0,0,0,0,0,0,0,0,0,0,0,0,0,66.52713287
R000574,0,9.333333333,3,5,-8,3,2,0,-3,1,0,26,1,0,0,0,0,3.068965517,0,0,9,0,0,0,0,0,8.9,57.13473046
V000128,1,3.285714286,6.714285714,3,0,3,2,-2,0,2,0,18,3,40,1,0,2,2.626865672,7,1,36,3,119,1,3,25,0.897959184,12.34915798
B001252,0,8.2,2,9,-6,13,4,2,0,1,0,35,5,0,0,0,0,2.476190476,0,0,10,0,0,0,0,0,9.454545455,209.547745
B001253,0,0,0,0,0,0,0,0,0,0,0,0,0,0,0,0,0,0,0,0,0,0,0,0,0,0,0,239.5163571
B001254,0,8,9,8,-6,5,11,-2,5,0,1,29,2,0,0,0,0,6.454545455,1,0,27,8,0,0,0,0,5.756756757,216.7992822
B001255,0,0,0,0,0,0,0,0,0,0,0,0,0,0,0,0,0,0,0,0,0,0,0,0,0,0,0,196.5936508
C001064,0,4.6,3.4,4,-3,0,2,-2,-1,0,0,21,2,0,0,0,0,4.125,0,0,15,2,0,0,0,0,5.5,152.1008934
C001060,0,7.75,5,15,6,6,11,8,1,0,0,30,1,0,0,0,0,3.34375,1,0,18,1,0,0,0,0,5.095238095,193.9594401
C001062,0,4,2.125,7,-3,3,5,5,-1,1,0,18,13,0,0,0,0,10.3030303,0,0,11,6,0,0,0,0,18.88888889,155.5243905
D000603,0,5.25,4.5,10,8,-4,6,3,-1,0,0,19,2,0,0,0,0,2.136363636,0,0,18,0,0,0,0,0,2.473684211,166.7436534
D000604,0,0,0,0,0,0,0,0,0,0,0,0,0,0,0,0,0,0,0,0,0,0,0,0,0,0,0,171.882124
D000605,0,5,2.5,6,2,0,2,-1,0,0,0,6,4,0,0,0,0,2.727272727,0,0,5,0,0,0,0,0,5,166.9067968
F000451,0,12.75,5.5,7,-9,-2,2,-6,0,0,2,46,3,0,0,0,0,3.192307692,1,0,19,2,0,0,0,0,7.217391304,162.4315323
F000452,0,11,3,13,4,0,4,2,0,0,0,21,1,0,0,0,0,5.260869565,1,0,5,0,0,0,0,0,17.28571429,118
J000287,0,15.5,1,9,-13,0,1,0,0,0,0,29,2,0,0,0,0,1.71875,0,0,2,0,0,0,0,0,18.33333333,129.6420595
K000364,0,0,0,0,0,0,0,0,0,0,0,0,0,0,0,0,0,0,0,0,0,0,0,0,0,0,0,112.5914156
L000563,0,8.625,7.875,25,13,3,10,4,-6,1,0,63,5,0,0,0,0,3.485714286,1,0,55,7,0,0,0,0,3.8125,91.59961598
L000517,0,0,0,0,0,0,0,0,0,0,0,0,0,0,0,0,0,0,0,0,0,0,0,0,0,0,0,94.4276858
M001155,0,0,0,0,0,0,0,0,0,0,0,0,0,0,0,0,0,0,0,0,0,0,0,0,0,0,0,88.56385285
M001158,0,3,2.75,1,-4,1,2,2,-1,0,0,24,0,0,0,0,0,2.04,0,1,21,0,0,0,0,0,2.217391304,84.23694148
M001161,0,8.666666667,3.666666667,13,5,3,0,-7,3,0,0,23,3,0,0,0,0,2.777777778,0,0,10,1,0,0,0,0,6.25,97.10878804
P000592,0,10.71428571,6.142857143,13,2,-2,12,6,2,6,1,57,11,0,0,0,0,3.092105263,0,0,32,11,0,0,0,0,5.340909091,56.01543117
P000591,0,4,1.285714286,0,-10,8,0,0,0,4,5,11,8,0,0,0,0,5.931034483,0,0,9,0,0,0,0,0,17.2,55.76320113
R000578,0,0,0,0,0,0,0,0,0,0,0,0,0,0,0,0,0,0,0,0,0,0,0,0,0,0,0,58.36128362
S001158,0,0,0,0,0,0,0,0,0,0,0,0,0,0,0,0,0,0,0,0,0,0,0,0,0,0,0,52.09304713
S001164,0,3.75,1.5,8,5,-1,2,0,0,0,0,15,0,0,0,0,0,1.8125,0,0,5,1,0,0,0,0,4.142857143,36.41248536
S001162,0,6.2,3.6,4,-4,0,4,2,-4,1,0,24,6,0,0,0,0,2.71875,0,0,15,3,0,0,0,0,4.578947368,36.3720217
S001161,0,0,0,0,0,0,0,0,0,0,0,0,0,0,0,0,0,0,0,0,0,0,0,0,0,0,0,45.60892418
S001166,0,0,0,0,0,0,0,0,0,0,0,0,0,0,0,0,0,0,0,0,0,0,0,0,0,0,0,42.92490119
S001160,0,1,1,1,0,0,1,0,0,1,0,0,0,0,0,0,0,2.5,0,0,0,1,0,0,0,0,2.5,29.58226154
W000796,0,0,0,0,0,0,0,0,0,0,0,0,0,0,0,0,0,0,0,0,0,0,0,0,0,0,0,7.504372675
A000362,0,9,1.333333333,12,10,-11,0,-1,-2,0,0,24,3,0,0,0,0,2.321428571,0,0,4,0,0,0,0,0,13,220.4927513
A000363,0,0,0,0,0,0,0,0,0,0,0,0,0,0,0,0,0,0,0,0,0,0,0,0,0,0,0,249.9142349
B001256,0,4.25,2.5,3,0,-5,1,0,-6,0,0,17,0,0,0,0,0,2.277777778,0,0,10,0,0,0,0,0,3.727272727,194.333883
B001258,0,6,11,6,0,0,11,0,0,0,0,5,1,0,0,0,0,4.714285714,0,0,8,3,0,0,0,0,2.75,215.1666118
B001259,0,0,0,0,0,0,0,0,0,0,0,0,0,0,0,0,0,0,0,0,0,0,0,0,0,0,0,185.3961885
B001262,0,0,0,0,0,0,0,0,0,0,0,0,0,0,0,0,0,0,0,0,0,0,0,0,0,0,0,114.053206
C001065,0,0,0,0,0,0,0,0,0,0,0,0,0,0,0,0,0,0,0,0,0,0,0,0,0,0,0,217.6108881
C001073,0,0,0,0,0,0,0,0,0,0,0,0,0,0,0,0,0,0,0,0,0,0,0,0,0,0,0,180.2607758
C001074,0,0,0,0,0,0,0,0,0,0,0,0,0,0,0,0,0,0,0,0,0,0,0,0,0,0,0,200.9716346
D000606,0,16,2,16,0,0,2,0,0,0,0,15,1,0,0,0,0,2.411764706,0,1,1,0,0,0,0,0,13.66666667,134.6441768
D000607,1,4.333333333,3.666666667,3,-2,0,0,-7,3,0,0,13,0,29,2,0,1,2.347826087,0,0,11,0,39,0,0,6,1.894736842,163.6745839
E000290,0,0,0,0,0,0,0,0,0,0,0,0,0,0,0,0,0,0,0,0,0,0,0,0,0,0,0,126.0052944
E000288,0,13.5,8.666666667,14,3,8,6,-4,-5,0,0,76,5,0,0,0,0,2.37804878,2,0,48,2,0,0,0,0,3.679245283,122.4645469
E000289,0,7,1.5,7,0,0,2,1,0,0,0,14,0,0,0,0,0,4.933333333,0,0,3,0,0,0,0,0,18.5,181.2974394
F000453,0,3.5,6,5,3,0,7,2,0,0,0,6,1,0,0,0,0,5.25,0,0,10,2,0,0,0,0,3.230769231,145.4504219
F000455,0,6.285714286,2.142857143,9,6,1,3,2,-2,2,0,36,6,0,0,0,0,2.733333333,0,0,15,0,0,0,0,0,7.6875,104.5295071
G000554,0,7.666666667,5,1,-13,6,0,-12,9,0,0,22,1,0,0,0,0,2.791666667,2,0,11,2,0,0,0,0,4.1875,164.9191593
G000555,1,35.5,48,66,61,0,90,84,0,0,0,3,2,238,2,2,14,2.034351145,0,0,6,0,431,1,3,28,1.134042553,161.5558979
H001039,0,0,0,0,0,0,0,0,0,0,0,0,0,0,0,0,0,0,0,0,0,0,0,0,0,0,0,162.0998766
H001040,0,2,5.5,3,2,0,7,3,0,0,0,3,1,0,0,0,0,2.4,2,0,9,0,0,0,0,0,1,163.5039523
H001041,1,16.33333333,11.66666667,22,-1,19,26,17,9,0,0,30,0,120,0,0,6,2.687898089,0,0,6,3,144,0,0,9,2.588957055,107.4598684
H001042,1,7.333333333,11,11,6,-1,8,-7,5,0,0,21,1,93,3,0,12,3.099236641,1,1,30,1,168,3,5,26,1.720338983,128.1766233
H001043,0,11.5,6,18,13,0,5,-2,0,1,1,19,2,0,0,0,0,1.666666667,0,0,9,3,0,0,0,0,3.076923077,150.9323491
K000365,0,7,9.5,7,0,0,13,7,0,0,0,12,2,0,0,0,0,1.266666667,0,0,17,2,0,0,0,0,0.95,138.0549086
K000366,0,4.5,5,6,3,0,2,-6,0,3,0,6,0,0,0,0,0,3,0,0,8,2,0,0,0,0,2.727272727,133.2959508
L000565,0,0,0,0,0,0,0,0,0,0,0,0,0,0,0,0,0,0,0,0,0,0,0,0,0,0,0,87.06880316
M001164,0,7,5,7,0,0,5,0,0,0,0,7,0,0,0,0,0,4.5,0,0,3,2,0,0,0,0,6,107.0094118
M001167,0,1.5,1.5,2,1,0,2,1,0,0,0,3,0,0,0,0,0,2.25,0,0,2,1,0,0,0,0,2.25,89.15042642
M001168,0,6.5,3.5,5,-3,0,5,3,0,0,0,12,1,0,0,0,0,2,0,0,6,1,0,0,0,0,3.5,88.7527989
M001169,1,10.33333333,3,14,7,-3,4,2,-1,0,0,27,4,13,0,0,3,2.395833333,0,0,9,0,37,1,0,5,2.169811321,73.32815254
R000581,0,20,5.666666667,36,18,12,8,-1,9,1,0,55,4,0,0,0,0,2.918032787,1,0,15,1,0,0,0,0,9.888888889,52.29807624
R000580,0,0,0,0,0,0,0,0,0,0,0,0,0,0,0,0,0,0,0,0,0,0,0,0,0,0,0,44.50838553
S001167,0,6,5,6,0,0,5,0,0,1,0,3,2,0,0,0,0,3.857142857,0,0,5,0,0,0,0,0,4.5,27.31121098
S001169,0,33,15,50,34,0,21,12,0,0,0,66,0,0,0,0,0,2.328358209,0,0,27,3,0,0,0,0,5.032258065,42.09522149
S001170,0,10.5,10.5,8,0,-5,16,5,1,0,0,37,5,0,0,0,0,2.697674419,1,0,34,7,0,0,0,0,2.697674419,32.26298613
S001171,0,5,3,8,6,-3,3,0,0,0,0,15,0,0,0,0,0,2.25,0,0,8,1,0,0,0,0,3.6,32.36274591
S001173,0,0,0,0,0,0,0,0,0,0,0,0,0,0,0,0,0,0,0,0,0,0,0,0,0,0,0,31.60554397
S001174,0,9.333333333,6.666666667,1,-1,-23,3,-9,7,0,0,4,24,0,0,0,0,7.103448276,2,0,16,2,0,0,0,0,9.80952381,23.16722322
T000465,0,3.333333333,4.5,0,-1,-2,9,8,-7,0,0,20,0,0,0,0,0,4.333333333,0,0,24,3,0,0,0,0,3.25,12.50232837
W000799,0,0,0,0,0,0,0,0,0,0,0,0,0,0,0,0,0,0,0,0,0,0,0,0,0,0,0,8.39501948
W000801,0,0,0,0,0,0,0,0,0,0,0,0,0,0,0,0,0,0,0,0,0,0,0,0,0,0,0,4.162555025
A000364,0,0,0,0,0,0,0,0,0,0,0,0,0,0,0,0,0,0,0,0,0,0,0,0,0,0,0,268.8159588
A000365,0,0.5,2.5,0,-1,0,3,1,0,0,0,1,0,0,0,0,0,0.5,1,0,3,1,0,0,0,0,0.166666667,211.3177027
B001263,0,0,0,0,0,0,0,0,0,0,0,0,0,0,0,0,0,0,0,0,0,0,0,0,0,0,0,254.4394748
B001264,0,9,6,9,0,0,6,0,0,0,0,8,1,0,0,0,0,1.8,0,0,3,3,0,0,0,0,2.571428571,227.2376573
C001079,0,0,0,0,0,0,0,0,0,0,0,0,0,0,0,0,0,0,0,0,0,0,0,0,0,0,0,212.8204238
C001075,1,9.333333333,2,11,-2,9,4,2,2,1,0,25,2,97,0,1,9,3.191176471,0,0,6,0,102,0,1,8,3.677966102,176.1590337
C001076,0,13,10.8,7,-11,1,1,-5,1,1,2,54,8,0,0,0,0,6.681818182,1,1,50,2,0,0,0,0,8.018181818,167.8961278
C001077,0,7,8,12,7,-2,13,9,-3,0,2,32,1,0,0,0,0,4.694444444,1,0,36,3,0,0,0,0,4.12195122,176.7328066
C001081,0,0,0,0,0,0,0,0,0,0,0,0,0,0,0,0,0,0,0,0,0,0,0,0,0,0,0,161.3787521
D000608,0,0,0,0,0,0,0,0,0,0,0,0,0,0,0,0,0,0,0,0,0,0,0,0,0,0,0,219.9470657
D000610,0,0,0,0,0,0,0,0,0,0,0,0,0,0,0,0,0,0,0,0,0,0,0,0,0,0,0,129.9220703
D000611,0,0,0,0,0,0,0,0,0,0,0,0,0,0,0,0,0,0,0,0,0,0,0,0,0,0,0,162.5318402
D000609,0,7,4,7,0,0,4,0,0,0,0,5,2,0,0,0,0,3,0,0,3,1,0,0,0,0,4.8,203.1867473
F000456,0,6.25,1.5,8,1,1,1,-2,2,0,0,22,3,0,0,0,0,4.115384615,0,0,5,1,0,0,0,0,15.28571429,143.3695822
G000560,0,1.166666667,0.333333333,0,-3,0,0,-1,1,2,0,5,0,0,0,0,0,17,0,0,2,0,0,0,0,0,45.33333333,109.69634
G000556,0,67,5.666666667,95,3,78,5,3,-8,0,2,197,2,0,0,0,0,2.331683168,0,1,15,1,0,0,0,0,26.16666667,117.9917449
G000557,0,7,6,7,0,0,6,0,0,0,0,5,2,0,0,0,0,3.125,0,0,3,3,0,0,0,0,3.571428571,81.01743925
H001044,0,0,0,0,0,0,0,0,0,0,0,0,0,0,0,0,0,0,0,0,0,0,0,0,0,0,0,174.9872693
H001045,0,6,3.8,19,16,-2,5,-1,1,4,0,20,6,0,0,0,0,6.580645161,0,0,16,3,0,0,0,0,10.2,133.083752
H001046,1,6.5,3.5,5,-3,0,2,-3,0,0,0,11,2,73,1,0,3,2.725274725,1,0,5,1,168,1,1,14,1.291666667,129.3252663
H001048,0,5.666666667,4.166666667,6,-4,0,4,-2,0,1,0,30,3,0,0,0,0,4.514285714,0,0,22,3,0,0,0,0,6.076923077,109.4733635
J000290,0,7,7.4,9,-1,3,7,-1,2,1,1,26,7,0,0,0,0,4.305555556,1,0,35,1,0,0,0,0,4.078947368,116.6952932
K000372,0,5,6,5,0,0,6,0,0,0,0,5,0,0,0,0,0,3,0,0,3,3,0,0,0,0,2.571428571,145.2560103
K000369,0,7.5,3.5,13,11,0,3,-1,0,0,0,13,2,0,0,0,0,1.5625,0,0,7,0,0,0,0,0,3.125,110.8286691
K000370,0,13,4,13,0,0,4,0,0,0,0,13,0,0,0,0,0,2.214285714,0,0,3,1,0,0,0,0,6.2,139.266223
K000371,0,0,0,0,0,0,0,0,0,0,0,0,0,0,0,0,0,0,0,0,0,0,0,0,0,0,0,133.778
L000567,0,6.8,4.6,10,-2,10,6,-1,4,1,0,25,8,0,0,0,0,3.057142857,2,1,19,1,0,0,0,0,4.458333333,106.3338176
L000568,0,0,0,0,0,0,0,0,0,0,0,0,0,0,0,0,0,0,0,0,0,0,0,0,0,0,0,89.60356483
L000570,1,0,0,0,0,0,0,0,0,0,0,0,0,0,0,0,0,0,0,0,0,0,0,0,0,0,0,76.96207528
L000571,1,5.5,6,6,0,-1,5,0,4,0,0,21,1,0,0,0,0,5.826086957,0,1,22,1,0,0,0,0,5.36,80.32529946
M001171,0,0,0,0,0,0,0,0,0,0,0,0,0,0,0,0,0,0,0,0,0,0,0,0,0,0,0,98.39992514
M001172,0,11,6,11,0,0,6,0,0,0,0,10,1,0,0,0,0,4.333333333,0,0,4,2,0,0,0,0,7.428571429,120.1137472
M001173,0,0,0,0,0,0,0,0,0,0,0,0,0,0,0,0,0,0,0,0,0,0,0,0,0,0,0,115.7582561
M001174,0,4,3,4,0,0,3,0,0,2,0,1,1,0,0,0,0,2.4,0,0,3,0,0,0,0,0,3,110.3263302
M001175,0,0,0,0,0,0,0,0,0,0,0,0,0,0,0,0,0,0,0,0,0,0,0,0,0,0,0,91.48626231
M001178,0,4,2,4,0,0,2,0,0,0,0,2,2,0,0,0,0,3,0,0,2,0,0,0,0,0,5,95.13330884
N000183,0,0,0,0,0,0,0,0,0,0,0,0,0,0,0,0,0,0,0,0,0,0,0,0,0,0,0,83.6916706
O000168,0,5,7.333333333,4,2,-3,5,0,-9,1,0,24,5,0,0,0,0,2.451612903,2,1,37,4,0,0,0,0,1.688888889,64.7013988
O000169,0,0,0,0,0,0,0,0,0,0,0,0,0,0,0,0,0,0,0,0,0,0,0,0,0,0,0,61.16164868
P000594,0,13.4,4.2,24,13,0,5,1,1,0,0,62,5,0,0,0,0,3.676470588,0,0,19,2,0,0,0,0,11.36363636,68.99300465
P000600,0,0,0,0,0,0,0,0,0,0,0,0,0,0,0,0,0,0,0,0,0,0,0,0,0,0,0,75.98503214
P000595,1,0,0,0,0,0,0,0,0,0,0,0,0,0,0,0,0,0,0,0,0,0,0,0,0,0,0,53.35956236
P000596,0,0,0,0,0,0,0,0,0,0,0,0,0,0,0,0,0,0,0,0,0,0,0,0,0,0,0,16.75
P000598,0,16.8,13.4,10,0,-2,15,4,3,2,0,55,27,0,0,0,0,4.717647059,0,2,57,8,0,0,0,0,5.897058824,42.7787059
R000585,0,9.166666667,4.833333333,4,-5,7,10,5,2,1,1,46,7,0,0,0,0,3.5,0,0,29,0,0,0,0,0,6.533333333,53.22633166
R000582,0,0,0,0,0,0,0,0,0,0,0,0,0,0,0,0,0,0,0,0,0,0,0,0,0,0,0,49.3736552
R000583,0,0,0,0,0,0,0,0,0,0,0,0,0,0,0,0,0,0,0,0,0,0,0,0,0,0,0,46.16254459
S001178,0,0,0,0,0,0,0,0,0,0,0,0,0,0,0,0,0,0,0,0,0,0,0,0,0,0,0,51.30978086
S001179,0,5.5,3,0,-5,-7,0,-6,2,0,0,20,2,0,0,0,0,2.130434783,0,0,10,2,0,0,0,0,3.769230769,36.61910284
S001188,0,0,0,0,0,0,0,0,0,0,0,0,0,0,0,0,0,0,0,0,0,0,0,0,0,0,0,17.74707758
T000466,0,16,10,16,0,0,10,0,0,0,0,14,2,0,0,0,0,3,0,0,9,1,0,0,0,0,4.636363636,24.42667778
A000366,0,0,0,0,0,0,0,0,0,0,0,0,0,0,0,0,0,0,0,0,0,0,0,0,0,0,0,190.9223056
A000367,0,5,2.2,17,13,2,4,2,1,0,7,17,1,0,0,0,0,2.615384615,0,0,8,3,0,0,0,0,5.666666667,35.04228705
B001279,0,3,0.5,6,6,0,1,1,0,0,0,6,0,0,0,0,0,2.714285714,0,0,1,0,0,0,0,0,9.5,184.2091125
B001269,0,4.25,4.25,1,-1,-8,2,-3,0,4,0,11,2,0,0,0,0,5.111111111,1,0,16,0,0,0,0,0,5.111111111,207.6562834
B001271,0,7.333333333,3.666666667,5,-2,-3,3,-2,2,0,0,19,3,0,0,0,0,3.217391304,0,0,11,0,0,0,0,0,6.166666667,194.9905023
B001272,0,2,1,2,0,0,1,0,0,0,0,2,0,0,0,0,0,1.333333333,0,0,1,0,0,0,0,0,2,195.3024485
B001273,0,6,2,9,3,-1,5,3,2,2,0,21,1,0,0,0,0,7.6,0,0,8,0,0,0,0,0,21.11111111,195.8365067
B001276,0,7,2,7,0,0,2,0,0,1,0,6,0,0,0,0,0,1.875,0,0,2,0,0,0,0,0,5,169.0697191
C001082,0,0,0,0,0,0,0,0,0,0,0,0,0,0,0,0,0,0,0,0,0,0,0,0,0,0,0,166.8051622
C001083,0,0,0,0,0,0,0,0,0,0,0,0,0,0,0,0,0,0,0,0,0,0,0,0,0,0,0,135.7175875
C001085,0,16,5,16,0,0,5,0,0,0,0,15,1,0,0,0,0,2,0,0,5,0,0,0,0,0,5.666666667,108.1161615
C001086,0,5,1,5,0,0,1,0,0,0,0,5,0,0,0,0,0,12.33333333,0,0,1,0,0,0,0,0,37,162.386149
C001089,0,0,0,0,0,0,0,0,0,0,0,0,0,0,0,0,0,0,0,0,0,0,0,0,0,0,0,205.8882979
D000612,0,0,0,0,0,0,0,0,0,0,0,0,0,0,0,0,0,0,0,0,0,0,0,0,0,0,0,166.6053649
D000613,0,0,0,0,0,0,0,0,0,0,0,0,0,0,0,0,0,0,0,0,0,0,0,0,0,0,0,159.6895611
D000614,0,0,0,0,0,0,0,0,0,0,0,0,0,0,0,0,0,0,0,0,0,0,0,0,0,0,0,148.952134
E000291,0,0,0,0,0,0,0,0,0,0,0,0,0,0,0,0,0,0,0,0,0,0,0,0,0,0,0,157.04312
F000460,0,5.75,4.75,9,4,-2,7,1,3,0,0,22,1,0,0,0,0,3.666666667,1,0,18,0,0,0,0,0,4.4,148.4625371
F000458,0,0,0,0,0,0,0,0,0,0,0,0,0,0,0,0,0,0,0,0,0,0,0,0,0,0,0,149.4809476
F000461,0,8,6.6,13,5,3,13,3,6,3,0,35,2,0,0,0,0,4.536585366,1,0,32,0,0,0,0,0,5.470588235,135.1475665
G000562,1,5,2,10,10,0,2,0,0,0,0,10,0,76,4,0,14,3.314285714,0,0,4,0,85,4,0,18,3.107142857,138.8268511
G000564,0,0,0,0,0,0,0,0,0,0,0,0,0,0,0,0,0,0,0,0,0,0,0,0,0,0,0,136.4512155
G000566,0,1,3,1,1,-2,2,-3,1,0,0,4,0,0,0,0,0,9.4,0,0,11,1,0,0,0,0,3.615384615,132.8073128
G000567,0,4.5,3.5,3,-3,0,6,5,0,0,0,9,0,0,0,0,0,2.4,0,0,7,0,0,0,0,0,3,130.4165619
G000569,0,0,0,0,0,0,0,0,0,0,0,0,0,0,0,0,0,0,0,0,0,0,0,0,0,0,0,86.62513718
G000570,0,0,0,0,0,0,0,0,0,0,0,0,0,0,0,0,0,0,0,0,0,0,0,0,0,0,0,131.5543227
H001063,0,10.33333333,4,6,-12,11,4,0,0,0,0,25,6,0,0,0,0,3.375,0,0,12,0,0,0,0,0,8.307692308,89.75410592
H001050,0,1.25,2.75,5,5,0,11,11,0,1,0,3,1,0,0,0,0,4.666666667,0,0,10,1,0,0,0,0,2.333333333,106.3932142
H001051,0,0,0,0,0,0,0,0,0,0,0,0,0,0,0,0,0,0,0,0,0,0,0,0,0,0,0,129.9306247
H001054,0,0,0,0,0,0,0,0,0,0,0,0,0,0,0,0,0,0,0,0,0,0,0,0,0,0,0,118.3667691
H001055,0,0,0,0,0,0,0,0,0,0,0,0,0,0,0,0,0,0,0,0,0,0,0,0,0,0,0,124.8009486
H001062,0,0,0,0,0,0,0,0,0,0,0,0,0,0,0,0,0,0,0,0,0,0,0,0,0,0,0,96.28636703
H001057,0,12,4.666666667,4,-1,-22,6,4,-4,0,0,34,2,0,0,0,0,2.621621622,0,0,10,4,0,0,0,0,6.466666667,98.89282432
H001059,0,5,4.75,9,6,1,10,6,1,0,0,18,2,0,0,0,0,3.285714286,0,0,16,3,0,0,0,0,3.45,118.1467264
H001060,0,2.333333333,1.666666667,5,4,0,1,-2,2,0,0,7,0,0,0,0,0,5.875,0,0,5,0,0,0,0,0,7.833333333,114.08175
L000573,0,0,0,0,0,0,0,0,0,0,0,0,0,0,0,0,0,0,0,0,0,0,0,0,0,0,0,87.3703937
L000574,0,0,0,0,0,0,0,0,0,0,0,0,0,0,0,0,0,0,0,0,0,0,0,0,0,0,0,88.18945294
L000575,1,4.5,4,5,1,0,2,-4,0,0,0,9,0,44,0,1,6,3.426229508,0,0,8,0,102,0,3,17,1.595419847,94.6257893
M001179,0,7.6,1.4,3,-8,4,0,-2,1,0,9,29,0,0,0,0,0,3.41025641,0,0,7,0,0,0,0,0,16.625,85.51070961
M001181,0,0,0,0,0,0,0,0,0,0,0,0,0,0,0,0,0,0,0,0,0,0,0,0,0,0,0,82.30190509
M001182,0,13,2.75,0,-8,2,0,-6,2,0,0,48,4,0,0,0,0,2.169811321,0,0,10,1,0,0,0,0,9.583333333,68.01468956
N000184,0,0,0,0,0,0,0,0,0,0,0,0,0,0,0,0,0,0,0,0,0,0,0,0,0,0,0,73.50734988
N000185,0,0,0,0,0,0,0,0,0,0,0,0,0,0,0,0,0,0,0,0,0,0,0,0,0,0,0,70.06719262
N000186,0,1.333333333,0.666666667,0,0,-4,1,1,-1,0,0,4,0,0,0,0,0,1.6,1,0,1,0,0,0,0,0,2.666666667,71.65906088
P000602,0,4.75,2.75,0,-13,13,0,-5,0,0,0,18,1,0,0,0,0,3.8,1,0,10,0,0,0,0,0,6.333333333,61.19257861
Q000024,0,0,0,0,0,0,0,0,0,0,0,0,0,0,0,0,0,0,0,0,0,0,0,0,0,0,0,47.78354099
R000586,0,0,0,0,0,0,0,0,0,0,0,0,0,0,0,0,0,0,0,0,0,0,0,0,0,0,0,56.51950137
R000587,0,0,0,0,0,0,0,0,0,0,0,0,0,0,0,0,0,0,0,0,0,0,0,0,0,0,0,48.38063053
R000588,0,0,0,0,0,0,0,0,0,0,0,0,0,0,0,0,0,0,0,0,0,0,0,0,0,0,0,35.15531799
R000589,0,0,0,0,0,0,0,0,0,0,0,0,0,0,0,0,0,0,0,0,0,0,0,0,0,0,0,52.46093674
R000590,0,6,4,6,0,0,4,0,0,0,0,6,0,0,0,0,0,3.428571429,1,0,2,1,0,0,0,0,4.8,47.74707783
R000591,0,2.4,0.6,2,-1,-2,1,1,0,1,4,6,1,0,0,0,0,4.923076923,1,0,2,0,0,0,0,0,16,51.15781101
R000592,0,4,7.75,8,2,4,19,14,-1,0,1,14,1,0,0,0,0,3.294117647,0,0,31,0,0,0,0,0,1.75,47.31231546
R000593,0,0,0,0,0,0,0,0,0,0,0,0,0,0,0,0,0,0,0,0,0,0,0,0,0,0,0,43.59083766
R000594,0,5.5,4.5,4,-3,0,4,-1,0,0,0,11,0,0,0,0,0,3.666666667,0,0,9,0,0,0,0,0,4.4,39.97292861
S001182,0,0,0,0,0,0,0,0,0,0,0,0,0,0,0,0,0,0,0,0,0,0,0,0,0,0,0,32.88593034
S001184,1,44,4,44,0,0,4,0,0,1,0,31,12,29,0,0,2,3.552631579,0,0,3,1,78,0,0,15,2.755102041,28.38644191
S001186,0,0,0,0,0,0,0,0,0,0,0,0,0,0,0,0,0,0,0,0,0,0,0,0,0,0,0,23.61601375
S001187,0,8.4,10.8,4,0,-13,23,14,1,0,2,26,14,0,0,0,0,5.255813953,0,0,50,4,0,0,0,0,4.109090909,25.00102688
T000470,0,0,0,0,0,0,0,0,0,0,0,0,0,0,0,0,0,0,0,0,0,0,0,0,0,0,0,18.96425657
T000471,0,0,0,0,0,0,0,0,0,0,0,0,0,0,0,0,0,0,0,0,0,0,0,0,0,0,0,15.8593895
W000811,0,4,4,4,0,0,4,0,0,0,0,4,0,0,0,0,0,2,0,0,4,0,0,0,0,0,2,7.687261928
W000807,0,0,0,0,0,0,0,0,0,0,0,0,0,0,0,0,0,0,0,0,0,0,0,0,0,0,0,8.88420736
W000810,0,14.8,3.2,0,-16,-5,6,2,1,4,0,5,65,0,0,0,0,8.48,0,4,11,1,0,0,0,0,37.41176471,4.236582988
Y000063,0,3.5,2.75,4,2,-3,1,-1,-1,0,0,13,1,0,0,0,0,5,1,0,9,1,0,0,0,0,6.25,3.969074339
Y000064,1,0,0,0,0,0,0,0,0,0,0,0,0,19,0,0,3,2.826086957,0,0,0,0,33,0,1,7,1.547619048,0.94253911
B001280,0,0,0,0,0,0,0,0,0,0,0,0,0,0,0,0,0,0,0,0,0,0,0,0,0,0,0,173.8598473
B001290,0,0,0,0,0,0,0,0,0,0,0,0,0,0,0,0,0,0,0,0,0,0,0,0,0,0,0,181.0362623
B001283,0,3.333333333,5.666666667,1,-6,5,3,-9,10,0,3,6,1,0,0,0,0,4.454545455,0,0,16,1,0,0,0,0,2.722222222,172.7745111
B001284,0,0,0,0,0,0,0,0,0,0,0,0,0,0,0,0,0,0,0,0,0,0,0,0,0,0,0,178.4832284
B001289,0,10,4.5,6,-10,-1,4,-5,4,0,2,9,29,0,0,0,0,7.707317073,0,1,15,2,0,0,0,0,16.63157895,167.3869475
C001102,0,3,2.5,5,4,0,5,5,0,0,0,6,0,0,0,0,0,3,0,0,5,0,0,0,0,0,3.5,161.3933639
C001092,0,7.25,5.5,6,-3,-3,3,-5,3,0,1,28,0,0,0,0,0,3.133333333,1,0,21,0,0,0,0,0,4.086956522,166.5419187
C001093,0,13,3,3,-22,5,6,4,1,1,0,8,43,0,0,0,0,8.773584906,0,0,9,3,0,0,0,0,35.76923077,156.8551989
C001094,0,8.25,9,12,3,4,17,9,4,0,0,33,0,0,0,0,0,5.5,0,0,33,3,0,0,0,0,5.054054054,162.5217823
C001095,1,6,6,6,0,0,6,0,0,0,1,5,0,77,1,0,9,2.361702128,0,0,6,0,128,5,2,19,1.378881988,157.435276
C001096,1,6.666666667,7.666666667,13,9,1,8,-1,3,0,0,19,1,11,0,0,3,4.257142857,0,0,21,2,101,0,0,7,1.128787879,176.7309361
D000618,1,16,3,16,0,0,3,0,0,0,0,16,0,87,0,1,7,3.330357143,0,0,3,0,121,0,1,7,2.804511278,163.7095146
D000620,0,0,0,0,0,0,0,0,0,0,0,0,0,0,0,0,0,0,0,0,0,0,0,0,0,0,0,129.6192399
D000621,0,2,4,3,1,1,3,-3,3,0,0,6,0,0,0,0,0,4.285714286,0,0,12,0,0,0,0,0,2.307692308,156.416634
D000622,1,5,4.5,7,4,0,7,5,0,0,0,9,1,69,0,0,11,2.78021978,0,0,9,0,102,0,1,15,1.9765625,116.3690133
E000292,0,0,0,0,0,0,0,0,0,0,0,0,0,0,0,0,0,0,0,0,0,0,0,0,0,0,0,118.1588735
E000293,0,0,0,0,0,0,0,0,0,0,0,0,0,0,0,0,0,0,0,0,0,0,0,0,0,0,0,113.4437428
G000571,0,17.5,9.5,40,29,-4,13,-2,10,2,0,47,21,0,0,0,0,3.281690141,2,1,32,3,0,0,0,0,5.974358974,109.761653
G000572,0,0,0,0,0,0,0,0,0,0,0,0,0,0,0,0,0,0,0,0,0,0,0,0,0,0,0,119.3606601
G000573,0,2,5,2,0,0,5,0,0,0,0,2,0,0,0,0,0,1.666666667,0,0,5,0,0,0,0,0,0.833333333,117.5807905
H001064,0,4,12.25,3,-1,1,19,8,0,0,0,12,4,0,0,0,0,4.058823529,1,0,39,9,0,0,0,0,1.38,103.5465616
H001065,0,3.75,2.25,4,-1,1,2,-2,2,0,0,14,1,0,0,0,0,3.125,0,0,9,0,0,0,0,0,5,111.3589821
J000296,0,7,1,14,14,0,2,2,0,0,0,13,1,0,0,0,0,2.866666667,0,0,2,0,0,0,0,0,14.33333333,112.6151173
K000379,0,0,0,0,0,0,0,0,0,0,0,0,0,0,0,0,0,0,0,0,0,0,0,0,0,0,0,84.84383639
L000580,0,14.66666667,3,24,13,2,2,-2,1,0,0,40,4,0,0,0,0,2.911111111,1,0,8,0,0,0,0,0,13.1,68.49588621
M001192,0,0,0,0,0,0,0,0,0,0,0,0,0,0,0,0,0,0,0,0,0,0,0,0,0,0,0,92.4408926
M001187,0,16.25,14.75,18,-8,11,25,7,7,2,0,60,3,0,0,0,0,3.924242424,2,1,54,2,0,0,0,0,4.316666667,72.24197446
M001189,0,12,6.333333333,24,15,6,14,9,5,1,1,33,1,0,0,0,0,3.351351351,0,0,18,1,0,0,0,0,6.2,83.63172122
M001191,0,5.5,7.5,7,3,0,8,1,0,0,0,11,0,0,0,0,0,2.666666667,0,0,15,0,0,0,0,0,2,57.03540107
N000187,0,5,5,5,0,0,5,0,0,0,0,5,0,0,0,0,0,2.833333333,0,0,5,0,0,0,0,0,2.833333333,54.73581691
N000127,0,0,0,0,0,0,0,0,0,0,0,0,0,0,0,0,0,0,0,0,0,0,0,0,0,0,0,51.11346562
O000170,0,5,8,6,1,1,7,0,-3,0,1,12,2,0,0,0,0,4.25,0,2,20,2,0,0,0,0,2.72,47.33324848
P000606,0,4.666666667,7,7,2,3,8,-2,7,0,0,14,0,0,0,0,0,4.666666667,0,0,21,0,0,0,0,0,3.181818182,66.62012207
R000596,0,6,0,6,0,0,0,0,0,0,0,5,1,0,0,0,0,4,0,0,0,0,0,0,0,0,28,56.61359364
R000598,0,0,0,0,0,0,0,0,0,0,0,0,0,0,0,0,0,0,0,0,0,0,0,0,0,0,0,46.27658248
S001191,1,2.666666667,13.66666667,2,1,-4,15,1,2,0,0,8,0,20,0,0,1,3.266666667,1,2,34,4,92,0,0,4,0.710144928,24.72382943
Y000065,0,0,0,0,0,0,0,0,0,0,0,0,0,0,0,0,0,0,0,0,0,0,0,0,0,0,0,2.87037189
A000374,0,0,0,0,0,0,0,0,0,0,0,0,0,0,0,0,0,0,0,0,0,0,0,0,0,0,0,200.564249
A000373,0,5,5,5,0,0,5,0,0,1,1,2,1,0,0,0,0,4.5,0,0,5,0,0,0,0,0,4.5,166.6790723
B001293,0,3.5,10.5,7,7,0,15,9,0,0,0,7,0,0,0,0,0,2.75,0,1,20,0,0,0,0,0,1,206.3314617
B001294,0,6,3.5,5,-2,0,3,-1,0,0,0,12,0,0,0,0,0,4.615384615,0,1,6,0,0,0,0,0,7.5,193.1958204
C001105,0,5.5,7.5,8,5,0,11,7,0,1,0,10,0,0,0,0,0,6.083333333,0,0,15,0,0,0,0,0,4.5625,184.9106828
C001106,0,0,0,0,0,0,0,0,0,0,0,0,0,0,0,0,0,0,0,0,0,0,0,0,0,0,0,183.046557
C001107,0,5.5,7,6,1,0,10,6,0,0,0,10,1,0,0,0,0,5.333333333,0,1,11,2,0,0,0,0,4.266666667,178.6044991
D000625,0,0,0,0,0,0,0,0,0,0,0,0,0,0,0,0,0,0,0,0,0,0,0,0,0,0,0,172.2140971
G000575,0,6,4,6,0,0,4,0,0,0,0,6,0,0,0,0,0,3.285714286,0,0,4,0,0,0,0,0,4.6,101.7067856
H001070,0,8,0,8,0,0,0,0,0,0,1,7,0,0,0,0,0,3,0,0,0,0,0,0,0,0,27,139.8084736
H001073,0,3.666666667,5.333333333,4,0,1,4,-1,-2,0,0,10,1,0,0,0,0,5.5,0,0,11,5,0,0,0,0,3.882352941,110.6103976
J000297,0,0,0,0,0,0,0,0,0,0,0,0,0,0,0,0,0,0,0,0,0,0,0,0,0,0,0,119.6467352
K000387,0,0,0,0,0,0,0,0,0,0,0,0,0,0,0,0,0,0,0,0,0,0,0,0,0,0,0,111.5179087
L000584,0,0,0,0,0,0,0,0,0,0,0,0,0,0,0,0,0,0,0,0,0,0,0,0,0,0,0,98.01210407
M001193,0,0,0,0,0,0,0,0,0,0,0,0,0,0,0,0,0,0,0,0,0,0,0,0,0,0,0,99.04181522
M001197,1,1,3,1,0,0,4,2,0,0,0,2,0,54,1,0,2,2.483333333,0,0,5,1,57,0,0,8,2.069444444,87.91278111
P000611,0,13,6.5,16,6,0,8,3,0,0,0,23,3,0,0,0,0,6.592592593,0,0,10,3,0,0,0,0,12.71428571,67.50514136
R000601,0,3,2.666666667,1,-3,0,2,0,-2,0,2,5,2,0,0,0,0,4,0,0,8,0,0,0,0,0,4.444444444,52.22899537
R000604,0,13.5,6,15,3,0,6,0,0,0,0,27,0,0,0,0,0,8.607142857,1,0,10,1,0,0,0,0,18.53846154,44.36494094
T000473,0,5,8,5,0,0,8,0,0,1,0,3,1,0,0,0,0,3.5,0,0,6,2,0,0,0,0,2.333333333,18.23661624
T000475,0,0,0,0,0,0,0,0,0,0,0,0,0,0,0,0,0,0,0,0,0,0,0,0,0,0,0,22.98425904
W000819,0,5.666666667,4,7,4,-4,6,2,2,1,1,14,1,0,0,0,0,3.333333333,0,0,12,0,0,0,0,0,4.615384615,14.95998972
W000820,0,2,2,3,2,0,3,2,0,0,0,4,0,0,0,0,0,2.8,0,0,4,0,0,0,0,0,2.8,14.71297954
Y000066,0,5,5.5,7,4,0,4,-3,0,0,0,9,1,0,0,0,0,4.909090909,0,0,11,0,0,0,0,0,4.5,1.693868209
Z000018,0,0,0,0,0,0,0,0,0,0,0,0,0,0,0,0,0,0,0,0,0,0,0,0,0,0,0,0
F000464,0,0,0,0,0,0,0,0,0,0,0,0,0,0,0,0,0,0,0,0,0,0,0,0,0,0,0,167.0167446
G000580,0,0,0,0,0,0,0,0,0,0,0,0,0,0,0,0,0,0,0,0,0,0,0,0,0,0,0,126.3865087
G000584,0,12.5,8,14,3,0,9,2,0,0,0,25,0,0,0,0,0,5.730769231,0,0,15,1,0,0,0,0,8.764705882,122.6725743
H001078,0,0,0,0,0,0,0,0,0,0,0,0,0,0,0,0,0,0,0,0,0,0,0,0,0,0,0,146.7809985
J000303,0,0,0,0,0,0,0,0,0,0,0,0,0,0,0,0,0,0,0,0,0,0,0,0,0,0,0,179.0008538
K000390,0,0,0,0,0,0,0,0,0,0,0,0,0,0,0,0,0,0,0,0,0,0,0,0,0,0,0,93.23121298
L000587,0,3,1,3,0,0,1,0,0,0,1,2,0,0,0,0,0,2,0,0,1,0,0,0,0,0,4,102.600948
M001198,1,0,0,0,0,0,0,0,0,0,0,0,0,0,0,0,0,0,0,0,0,0,0,0,0,0,0,73.61773127
M001201,0,4.5,4,4,-1,0,4,0,0,1,0,8,0,0,0,0,0,3.6,0,0,8,0,0,0,0,0,4,68.10584699
R000607,0,7.5,9,10,5,0,9,0,0,0,0,14,1,0,0,0,0,2.6875,0,0,17,1,0,0,0,0,2.263157895,47.39470426
R000608,1,3,9,3,0,0,9,0,0,0,0,2,1,22,0,0,3,2.724137931,0,0,8,1,64,0,0,5,1,40.56885371
T000477,0,7,3,7,0,0,3,0,0,0,0,5,2,0,0,0,0,2.5,1,0,2,0,0,0,0,0,5,27.6848941
B001308,0,7,6,7,0,0,6,0,0,0,0,6,1,0,0,0,0,2.25,0,0,6,0,0,0,0,0,2.571428571,166.6694616
C001123,0,0,0,0,0,0,0,0,0,0,0,0,0,0,0,0,0,0,0,0,0,0,0,0,0,0,0,161.317512
C001124,0,7,15,7,0,0,15,0,0,0,0,7,0,0,0,0,0,3.875,0,0,13,2,0,0,0,0,1.9375,149.5218511
C001122,0,8,3,8,0,0,3,0,0,0,0,8,0,0,0,0,0,4,0,0,3,0,0,0,0,0,9,146.2362749
F000467,0,18,10,18,0,0,10,0,0,0,0,18,0,0,0,0,0,3.684210526,0,0,10,0,0,0,0,0,6.363636364,127.4542807
H001080,0,0,0,0,0,0,0,0,0,0,0,0,0,0,0,0,0,0,0,0,0,0,0,0,0,0,0,115.0504953
H001087,0,3,3,3,0,0,3,0,0,0,0,3,0,0,0,0,0,3.25,0,0,3,0,0,0,0,0,3.25,121.717087
H001083,0,0,0,0,0,0,0,0,0,0,0,0,0,0,0,0,0,0,0,0,0,0,0,0,0,0,0,110.2669962
M001209,0,6,7,6,0,0,7,0,0,0,0,6,0,0,0,0,0,5.857142857,0,0,7,0,0,0,0,0,5.125,75.50993731
M001207,0,4,2,4,0,0,2,0,0,0,0,4,0,0,0,0,0,2.4,0,0,2,0,0,0,0,0,4,66.21227608
R000611,0,11,14,11,0,0,14,0,0,0,0,10,1,0,0,0,0,2.5,0,0,14,0,0,0,0,0,2,36.55281589
R000613,0,10,7,10,0,0,7,0,0,0,0,10,0,0,0,0,0,4.090909091,0,0,7,0,0,0,0,0,5.625,43.32289018
R000616,0,9,20,9,0,0,20,0,0,0,0,7,2,0,0,0,0,4.5,1,0,18,1,0,0,0,0,2.142857143,43.56588548
S001206,0,0,0,0,0,0,0,0,0,0,0,0,0,0,0,0,0,0,0,0,0,0,0,0,0,0,0,27.21533885
S001210,0,4,10,4,0,0,10,0,0,0,0,4,0,0,0,0,0,2.2,0,2,8,0,0,0,0,0,1,21.74395769
T000484,0,6,4,6,0,0,4,0,0,0,0,6,0,0,0,0,0,4,0,0,4,0,0,0,0,0,5.6,12.12066968
W000824,0,0,0,0,0,0,0,0,0,0,0,0,0,0,0,0,0,0,0,0,0,0,0,0,0,0,0,9.80825873
W000827,0,3,12,3,0,0,12,0,0,0,0,3,0,0,0,0,0,2,0,0,11,1,0,0,0,0,0.615384615,2.09180986
