A000014,0,99,102,103,104,105,106,107,108,109,110,111
A000022,0,98,99,100,101,102,103,104,105,106,107,108,109,110,111,112
A000103,0,91,92,93,94,95,96,97,98,99,100,101,102
A000109,1,102,103,104
A000121,1,102
A000189,0,91,92,93,94,95,96,97,98,99,100,101,102
A000211,0,102,103
A000209,0,98,99,100,101,102,103
A000210,0,101,102,103,104,105,106,107,108,109,110,111,112,113
A000212,0,89,90,91,92,93,94,95,96,97,98,99,100,101,102
A000213,0,96,97,98,99,100,101,102
A000214,0,95,96,97,98,99,100,101,102,103
A000215,0,92,93,94,95,96,97,98,99,100,101,102,103,104,105,106
A000217,0,99,100,101,102,103,104,105,106,107
A000224,0,92,93,94,95,96,97,98,99,100,101,102,103
A000226,0,99,100,101,102
A000337,0,94,95,96,97,98,99,100,101,102
B000008,0,102,103
B000072,0,100,101,102,103,104,105,106,107,108,109,110
B000104,0,99,100,101,102,103,104,105,106,107,108
B000153,0,95,96,97,98,99,100,101,102
B000179,0,102,103,104,105,106
B000204,0,98,99,100,101,102
B000213,0,99,100,101,102,103,104,105,106,107,108,109,110,111,112,113,114,115
B000229,0,98,99,100,101,102,103,104,105,106
B000318,0,95,96,97,98,99,100,101,102,103,104
B000371,0,81,82,83,84,85,86,87,88,89,90,91,92,93,94,95,96,97,98,99,100,101,102
B000392,0,99,100,101,102,103
B000403,0,96,97,98,99,100,101,102,103,104,105,106,107,108
B000410,0,98,99,100,101,102,103,104,105,106,107,108,109,110,111,112
B000431,0,90,91,92,93,94,95,96,97,98,99,100,101,102,103,104
B000462,0,100,101,102,103
B000463,0,98,99,100,101,102,103,104,105,106,107,108,109
B000517,0,102,103
B000551,0,99,100,101,102
B000556,0,97,98,99,100,101,102,103,104,105,106
B000586,0,98,99,100,101,102,103,104,105,106,107,108,109
B000589,0,102,103,104,105,106,107,108,109,110,111,112,113
B000619,0,95,96,97,98,99,100,101,102,103,104,105,106,107
B000644,0,98,99,100,101,102,103,104,105,106,107
B000657,0,98,99,100,101,102,103,104,105,106,107,108,109,110,111
B000711,1,98,99,100,101,102
B000817,0,102,103,104
B000880,0,83,84,85,86,87,88,89,90,91,92,93,94,95,96,97,98,99,100,101,102,103
B000890,0,85,86,87,88,89,90,91,92,93,94,95,96,97,98,99,100,101,102
B000897,0,101,102,103,104
B000918,0,88,89,90,91,93,94,95,96,97,98,99,100,101,102,103,104,105,106
B000971,0,99,100,101,102
B000997,0,98,99,100,101,102,103,104
B001066,1,100,101,102,103,104,105
B001149,0,98,99,100,101,102,103,104,105,106,107,108,109,110,111,112
B001172,0,99,100,101,102
B001220,0,96,97,98,99,100,101,102
C000052,0,99,100,101,102,103,104,105,106,107
C000071,0,102,103,104,105,106,107,108,109,110,111,112,113
C000077,1,100,101,102
C000100,0,101,102,104,105,106
C000141,1,100,101,102,103,104,105,106,107,108,109
C000174,1,98,99,100,101,102
C000178,0,94,95,96,98,99,100,101,102,103
C000293,0,98,99,100,101,102
C000312,0,99,100,101,102,103,104
C000488,0,91,92,93,94,95,96,97,98,99,100,101,102,103,104,105,106
C000503,0,100,101,102,103,104,105,106,107
C000523,0,96,97,98,99,100,101,102,103,104
C000556,0,99,100,101,102,103,104,105,106,107,108,109,110,111,112,113
C000621,0,98,99,100,101,102,103,104
C000618,0,95,96,97,98,99,100,101,102
C000634,0,93,94,95,96,97,98,99,100,101,102,103,104
C000633,0,102,103,104
C000646,0,102
C000653,0,99,100,101,102,103,104,105,106,107
C000670,0,101,102,103,104,105,106,107
C000709,0,86,87,88,89,90,91,92,93,94,95,96,97,98,99,100,101,102
C000714,0,89,90,91,92,93,94,95,96,97,98,99,100,101,102,103,104,105,106,107,108,109,110,111,112,113,114
C000794,0,100,101,102,103,104,105,106,107,108,109,110,111,112
C000807,0,91,92,93,94,95,96,97,98,99,100,101,102
C000830,0,101,102,103,104,105,106,107,108,109
C000836,0,102
C000846,0,97,98,99,100,101,102,103,104,105,106,107
C000868,0,102,103,104,105,106,107,108,109,110
C000873,0,91,92,93,94,95,96,97,98,99,100,101,102,103,104,105,106,107,108
C000994,0,102,103,104,105,106,107,108,109
D000044,0,96,97,98,99,100,101,102
D000051,0,98,99,100,101,102,103
D000131,0,96,97,98,99,100,101,102
D000203,0,89,90,91,92,93,94,95,96,97,98,99,100,101,102,103,104
D000209,0,93,94,95,97,98,99,100,101,102,103
D000217,0,99,100,101,102,103,104,105,106,107,108,109
D000222,0,92,93,94,95,96,97,98,99,100,101,102,103,104,105
D000267,0,94,95,96,97,98,99,100,101,102,103
D000326,0,89,90,91,92,93,94,95,96,97,98,99,100,101,102
D000327,0,95,96,97,98,99,100,101,102,103,104,105,106,107,108,109,110,111,112
D000355,0,84,85,86,87,88,89,90,91,92,93,94,95,96,97,98,99,100,101,102,103,104,105,106,107,108,109,110,111,112,113
D000373,0,96,97,98,99,100,101,102,103,104,105,106,107
D000416,0,96,97,98,99,100,101,102
D000424,0,102,103,104,105,106,107,108
D000429,0,102,103,104,105,106,107,108,109,110
D000432,1,97,98,99,100,101,102
D000435,0,95,96,97,99,100,101,102,103,104
D000471,0,94,95,96,97,98,99,100,101,102
D000492,0,97,98,99,100,101,102,103,104,105,106,107,108,109,110,111,112
D000533,0,100,101,102,103,104,105,106,107,108,109,110,111,112,113,114,115
D000563,1,98,99,100,101,102,103,104
D000586,0,97,98,99,100,101,102
D000592,0,97,98,99,100,101,102
E000013,0,94,95,96,97,98,99,100,101,102
E000031,0,97,98,99,100,101,102
E000077,0,95,96,97,98,99,100,101,102
E000064,0,88,89,90,91,92,93,94,95,96,97,98,99,100,101,102,103
E000063,0,102,103,104,105,106,107,108,109,110,111
E000174,0,97,98,99,100,101,102,103,104
E000179,0,101,102,103,104,105,106,107,108,109,110,111,112,113,114,115,116
E000184,0,94,95,96,97,98,99,100,101,102,103
E000201,0,98,99,100,101,102
E000218,0,100,101,102,103
E000250,0,98,99,100,101,102,103,104,105,106,107,108,109
E000282,0,102,103,104,105,106
F000010,0,101,102,103,104,105,106,107,108,109,110,111,112,113
F000041,0,84,85,86,87,88,89,90,91,92,93,94,95,96,97,98,99,100,101,102
F000049,0,99,100,101,102,103,104,105
F000053,0,96,97,98,99,100,101,102,103,104,105
F000059,0,98,99,100,101,102
F000111,0,97,98,99,100,101,102,103,104
F000141,0,91,92,93,94,95,96,97,98,99,100,101,102,103
F000184,0,100,101,102,103,104,105
F000235,0,97,98,99,100,101,102,103,104,105
F000239,0,89,90,91,92,93,94,95,96,97,98,99,100,101,102,103
F000270,0,89,90,91,92,93,94,95,96,97,98,99,100,101,102,103
F000261,0,94,95,96,97,98,99,100,101,102,103,104
F000339,0,97,98,99,100,101,102,103,104,105,106,107,108,109,110,111,112
F000348,0,102,103,104
F000392,0,96,97,98,99,100,101,102,103,104,105,106,107,108
F000435,0,99,100,101,102
G000021,0,100,101,102,103,104,105,106,107,108,109,110,111,112
G000025,0,99,100,101,102,103
G000105,0,90,91,92,93,94,95,96,97,98,99,100,101,102
G000120,0,97,98,99,100,101,102,103,104,105,106
G000121,0,98,99,100,101,102,103,104,105,106,107
G000132,0,95,96,97,98,99,100,101,102,103,104,105,106,107,108
G000134,0,101,102,103,104
G000153,0,88,89,90,91,92,93,94,95,96,97,98,99,100,101,102,103,104
G000180,0,102,103,104,105,106,107,108,109,110
G000210,0,101,102,103,104,105,106,107,108,109
G000212,0,93,94,95,96,97,98,99,100,101,102,103,104,105,106,107
G000225,0,96,97,98,99,100,101,102,103,104,105
G000240,0,95,96,97,98,99,100,101,102,103
G000272,0,87,88,89,90,91,92,93,94,95,96,97,98,99,100,101,102,103,104,105
G000291,0,94,95,96,97,98,99,100,101,102,103,104,105,106
G000309,0,99,100,101,102,103,104,105,106,107,108,109,110,111
G000336,0,101,102,103,104,105,106,107,108
G000349,0,94,95,96,97,98,99,100,101,102,103
G000371,0,100,101,102,103
G000402,0,96,97,98,99,100,101,102
G000417,0,95,96,97,98,99,100,101,102
G000511,0,96,97,98,99,100,101,102
G000524,0,97,98,99,100,101,102,103,104
H000067,0,97,98,99,100,101,102,103,104,105,106,107,108,109,110,111,112,113
H000074,0,96,97,98,99,100,101,102,103,104,105,106,107
H000114,0,89,90,91,92,93,94,95,96,97,98,99,100,101,102,103,104,105
H000124,0,90,91,92,93,94,95,96,97,98,99,100,101,102
H000151,0,101,102,103,104
H000172,0,97,98,99,100,101,102,103,104,105,106,107
H000236,0,100,101,102
H000323,0,100,101,102,103,104,105,106,107,108,109
H000340,0,97,98,99,100,101,102
H000390,0,100,101,102,103,104
H000388,0,98,99,100,101,102
H000444,0,100,101,102,103,104,105,106,107,108,109
H000448,0,94,95,96,97,98,99,100,101,102,103,104,105
H000514,0,99,100,101,102,103
H000528,0,100,101,102,103,104,105,106,107,108,109,110,111,112
H000547,0,97,98,99,100,101,102
H000652,0,101,102,103
H000666,0,102,103,104,105,106,107,108,109,110
H000670,0,100,101,102,103
H000729,0,100,101,102
H000776,0,96,97,98,99,100,101,102
H000788,0,102
H000797,0,88,89,90,91,92,93,94,95,96,97,98,99,100,101,102
H000814,0,100,101,102,103,104,105,106,107,108
H000878,0,94,95,96,97,98,99,100,101,102
H000901,0,95,96,97,98,99,100,101,102
H000930,0,94,95,96,97,98,99,100,101,102,103
H000981,0,97,98,99,100,101,102,103,104,105,106,107,108,109,110
H001018,0,96,97,98,99,100,101,102,103
H001022,0,94,95,96,97,98,99,100,101,102,103,104,105,106,107,108,109
I000024,1,100,101,102,103
I000029,0,95,96,97,98,99,100,101,102
J000033,0,89,90,91,92,94,95,96,97,98,99,100,101,102,103,104
J000047,0,101,102
J000070,0,102,103,104,105,106,107,108,109,110
J000083,0,95,96,97,98,99,100,101,102
J000177,1,100,101,102,103,104
J000174,0,102,103,104,105,106,107,108,109,110,111,112,113,114,115
J000163,0,98,99,100,101,102,103,104,105,106,107,108,109
J000187,0,101,102,103,104
J000256,0,89,90,91,92,93,94,95,96,97,98,99,100,101,102
J000211,0,101,102
J000265,0,100,101,102
K000008,0,99,100,101,102,103,104,105,106,107,108,109,110,111
K000016,0,98,99,100,101,102,103,104,105,106
K000110,0,100,101,102,103,104,105
K000118,0,97,98,99,100,101,102,103,104,105
K000172,0,95,96,97,98,99,100,101,102,103,104,105,106,107,108,109,110,111,112
K000259,0,98,99,100,101,102,103,104,105,106,107,108
K000274,0,102,103,104,105
K000306,0,99,100,101,102,103,104,105,106,107,108,109
K000307,0,98,99,100,101,102
K000312,0,102,103
K000319,0,95,96,98,99,100,101,102
K000352,1,100,101,102,103
L000556,0,94,95,96,97,98,99,100,101,102,103,104,105,106,107
L000020,0,93,94,95,96,97,98,99,100,101,102
L000045,0,100,101,102,103
L000090,0,97,98,99,100,101,102,103,104,105,106,107,108,109,110
L000098,0,102,103
L000119,0,101,102,103,104
L000169,0,95,96,97,98,99,100,101,102,103,104,105,106,107,108,109
L000226,0,93,94,95,96,97,98,99,100,101,102
L000225,0,98,99,100,101,102,103
L000243,0,92,93,94,95,96,97,98,99,100,101,102
L000263,0,98,99,100,101,102,103,104,105,106,107,108,109,110,111,112,113,114,115
L000264,0,98,99,100,101,102
L000287,0,100,101,102,103,104,105,106,107,108,109,110,111,112,113,114,115,116
L000274,0,96,97,98,99,100,101,102,103,104,105,106,107,108,109,110,111,112
L000295,0,98,99,100,101,102,103
L000305,0,99,100,101,102,103,104
L000342,0,98,99,100,101,102,103,104,105,106,107,108
L000371,0,95,96,97,98,99,100,101,102,103,104,105,106
L000381,0,94,95,96,97,98,99,100,101,102,103
L000420,0,101,102,103
L000479,0,97,98,99,100,101,102
L000480,0,101,102,103,104,105,106,107,108,109,110,111,112,113,114,115,116
L000507,0,102
M000015,0,101,102,103
M000041,0,93,94,95,96,97,98,99,100,101,102
M000117,0,99,100,101,102,103,104,105
M000133,1,95,96,97,98,99,100,101,102,103,104,105,106,107,108,109,110,111,112
M000139,0,95,96,97,98,99,100,101,102
M000174,0,97,98,99,100,101,102
M000206,0,97,98,99,100,101,102,103,104,105,106
M000249,0,96,97,98,99,100,101,102,103,104,105,106,107,108
M000264,0,96,97,98,99,100,101,102
M000291,0,92,93,94,95,96,97,98,99,100,101,102,103
M000306,0,98,99,100,101,102,103
M000342,0,98,99,100,101,102,103
M000350,0,97,98,99,100,101,102,103,104,105,106
M000388,0,100,101,102,103,104,105,106,107,108,109,110,111
M000398,0,97,98,99,100,101,102,103
M000399,0,88,89,90,91,92,93,94,95,96,97,98,99,100,101,102,103,104,105
M000404,0,101,102,103,104,105,106,107,108,109,110,111,112,113,114
M000432,0,97,98,99,100,101,102
M000458,0,97,98,99,100,101,102
M000473,0,94,95,96,97,98,99,100,101,102
M000566,0,99,100,101,102,103
M000573,0,100,101,102
M000590,0,101,102,103,104,105,106,107,108,109,110
M000684,0,99,100,101,102,103,104
M000692,0,85,86,87,88,89,90,91,92,93,94,95,96,97,98,99,100,101,102,103
M000725,0,94,95,96,97,98,99,100,101,102,103,104,105,106,107,108,109,110,111,112,113
M000718,0,90,91,92,93,94,95,96,97,98,99,100,101,102
M000736,0,99,100,101,102
M000794,0,94,95,96,97,98,99,100,101,102,103,104
M000797,0,89,90,91,92,93,94,101,102,103,104,105,106,107
M000834,0,93,94,95,96,97,98,99,100,101,102,103,104,105,106
M000843,0,101,102,103,104,105
M000844,0,98,99,100,101,102,103,104,105,106,107,108,109,110,111
M000865,0,90,91,92,93,94,95,96,97,98,99,100,101,102,103,104
M000881,0,98,99,100,101,102
M000926,0,93,94,95,96,97,98,99,100,101,102,103,104
M000933,0,102,103,104,105,106,107,108,109,110,111,112,113
M000941,0,100,101,102,103,104,105,106,107
M000999,0,97,98,99,100,101,102
M001057,0,98,99,100,101,102
M001088,0,95,96,97,98,99,100,101,102,103
M001120,0,93,94,95,96,97,98,99,100,101,102,103,104,105,106,107,108,109,110,111
M001130,0,90,91,92,93,94,95,96,97,98,99,100,101,102,103,104
N000003,0,100,101,102
N000009,0,83,84,85,86,87,88,89,90,91,92,93,94,95,96,97,98,99,100,101,102,103
N000016,0,94,95,96,97,98,99,100,101,102,103
N000094,0,102
N000163,0,94,95,96,97,98,99,100,101,102
N000172,0,102,103,104,105,106,107,108,109
O000001,0,95,96,97,98,99,100,101,102
O000006,0,94,95,96,97,98,99,100,101,102,103,104,105,106,107,108,109,110,111
O000007,0,91,92,93,94,95,96,97,98,99,100,101,102,103,104,105,106,107,108,109,110,111
O000069,0,98,99,100,101,102
O000085,0,102,103,104,105,106,107,108,109,110,111,112
O000107,0,98,99,100,101,102,103,104,105,106,107,108,109,110,111
O000108,0,102,103,104
O000159,0,98,99,100,101,102,103,104,105,106,107,108,109
O000156,0,93,100,101,102
O000163,0,97,98,99,100,101,102,103,104,105,106,107,108,109
P000005,0,98,99,100,101,102,103,104,105,106
P000047,0,95,96,97,98,99,100,101,102,103
P000066,0,101,102,103,104,105
P000099,0,102,103,104,105,106,107,108,109,110,111,112,113
P000112,0,100,101,102
P000148,0,101,102,103,104,105
P000149,0,101,102,103,104,105,106,107,108,109,110,111,112
P000152,0,100,101,102,103,104
P000170,0,95,96,97,98,99,100,101,102
P000215,0,98,99,100,101,102,103
P000229,0,98,99,100,101,102
P000259,0,102,103,104
P000258,0,102,103,104,105,106,107,108,109,110,111,112,113,114,115,116
P000265,0,96,97,98,99,100,101,102,103,104,105,106,107,108,109,110,111,112,113
P000326,0,100,101,102,103,104,105,106
P000328,0,88,89,90,91,92,93,94,95,96,97,98,99,100,101,102,103
P000444,0,96,97,98,99,100,101,102,103,104,105,106
P000452,0,101,102,103,104,105
P000574,0,95,96,97,98,99,100,101,102
Q000013,0,88,89,90,91,92,93,94,95,96,97,98,99,100,101,102,103,104
R000011,0,95,96,97,98,99,100,101,102,103,104,105,106,107,108,109,110,111,112,113
R000033,0,102,103,104,105,106,107,108,109,110
R000053,0,92,93,94,95,96,97,98,99,100,101,102,103,104,105,106,107,108,109,110,111,112,113,114
R000072,0,100,101,102,103
R000080,0,98,99,100,101,102
R000122,1,102,103,104
R000141,0,93,94,95,96,97,98,99,100,101,102,103,104,105,106,107,108,109,110
R000189,0,100,101,102
R000229,0,98,99,100,101,102,103,104,105
R000243,0,98,99,100,101,102,103
R000252,0,102,104,105
R000262,0,93,94,95,96,97,98,99,100,101,102
R000277,0,96,97,98,99,100,101,102
R000307,1,97,98,99,100,101,102,103,104
R000383,0,91,92,93,94,95,96,97,98,99,100,101,102
R000385,0,102,103,104,105,106,107
R000409,0,101,102,103,104,105,106,107,108,109,110,111,112,113,114,115
R000435,0,101,102,103,104,105,106,107,108,109,110,111,112,113,114,115
R000436,0,93,94,95,96,97,98,99,100,101,102,103,104
R000458,0,86,87,88,89,90,91,92,93,94,95,96,97,98,99,100,101,102,103
R000459,0,96,97,98,99,100,101,102,103,104
R000465,0,97,98,99,100,101,102,103,104,105,106,107
R000481,0,98,99,100,101,102,103
R000485,0,88,89,90,91,92,93,94,95,96,97,98,99,100,101,102
R000543,0,94,95,96,97,98,99,100,101,102
S000005,0,96,97,98,99,100,101,102,103,104,105,106,107,108,109
S000033,1,102,103,104,105,106,107,108,109
S000056,0,101,102,103
S000059,1,102,103
S000066,0,101,102,103
S000081,0,97,98,99,100,101,102
S000094,0,100,101,102,103,104,105,106,107
S000097,0,99,100,101,102,103,104,105,106,107,108,109,110
S000109,0,98,99,100,101,102,103,104,105
S000124,0,89,90,91,92,94,95,96,97,98,99,100,101,102
S000125,0,101,102,103,104,105
S000142,0,93,94,95,96,97,98,99,100,101,102,103,104
S000146,0,94,95,96,97,98,99,100,101,102
S000148,1,97,98,99,100,101,102,103,104,105
S000244,0,96,97,98,99,100,101,102,103,104,105,106,107,108,109,110,111,112,113,114,115,116
S000248,0,101,102,103,104,105,106,107,108,109,110,111,112,113,114,115,116
S000294,0,94,95,96,97,98,99,100,101,102,103
S000303,0,97,98,99,100,101,102,103,104,105,106,107,108,109
S001144,0,100,101,102,103,104,105,106,107,108,109,110
S000394,0,93,94,95,96,97,98,99,100,101,102,103,104,105,106
S000407,0,98,99,100,101,102
S000453,0,98,99,100,101,102,103,104,105,106
S000462,0,100,101,102,103,104,105
S000463,0,97,98,99,100,101,102,103,104,105,106,107
S000465,0,95,96,97,98,99,100,101,102,103,104,105,106,107,108,109,110,111
S000477,0,98,99,100,101,102,103
S000479,0,99,100,101,102
S000480,0,100,101,102,103,104,105,106,107,108,109,110,111,112,113,114,115
S000607,0,98,99,100,101,102,103,105
S000583,0,100,101,102,103,104,105,106,107,108,109,110,111,112,113,114,115
S000596,0,86,87,88,89,90,91,92,93,94,95,96,97,98,99,100,101,102,103
S000586,0,98,99,100,101,102
S000663,1,96,97,98,99,100,101,102,103
S000673,0,94,95,96,97,98,99,100,101,102
S000675,0,96,97,98,99,100,101,102,103,104,105
S000718,0,92,93,94,95,96,97,98,99,100,101,102,103,104,105,106
S000749,0,98,99,100,101,102,103,104,105,106,107,108,109,110,111
S000779,0,98,99,100,101,102
S000785,0,99,100,101,102
S000810,0,93,94,95,96,97,98,99,100,101,102,103,104,105,106,107,108,109,110,111,112
S000822,0,101,102,103,104,105,106,107,108,109,110,111,112
S000851,0,96,97,98,99,100,101,102,103,104,105,106,107,108
S000948,0,91,92,93,94,95,96,97,98,99,100,101,102,103,104,105
S001040,0,93,94,95,96,97,98,99,100,101,102,103,104
S001044,0,95,96,97,98,99,100,101,102,103,104,105,106,107
S001075,0,98,99,100,101,102,103
S001113,0,102,103
S001115,0,96,97,98,99,100,101,102,103
S001139,0,96,97,98,99,100,101,102,103
T000034,0,98,99,100,101,102
T000038,0,101,102,103,104,105,106,107,108,109,110,111
T000058,0,96,97,98,99,100,101,102,103,104,105,106,107,108
T000074,0,101,102,103,104,105,106,107,108,109,110,111
T000067,0,102,103,104,105,106,107,108,109
T000184,0,98,99,100,101,102
T000162,1,101,102,103
T000188,0,96,97,98,99,100,101,102,103,104,105,106,107,108,109
T000243,0,93,94,95,102,103,104
T000316,0,98,99,100,101,102,103,104,105
T000317,1,98,99,100,101,102,103,104
T000326,0,98,99,100,101,102,103,104,105,106,107,108,109,110,111,112
T000350,0,99,100,101,102,103,104,105,106,107
T000356,0,93,94,95,96,97,98,99,100,101,102
U000001,0,87,88,89,90,91,92,93,94,95,96,97,98,99,100,101,102
U000017,0,101,102,103
V000006,0,98,99,100,101,102,103
V000027,0,89,90,91,92,93,94,95,96,97,98,99,100,101,102
V000087,0,95,96,97,98,99,100,101,102,103,104,105,106
V000108,0,99,100,101,102,103,104,105,106,107,108,109,110,111,112,113,114,115,116
V000112,0,95,96,97,98,99,100,101,102,103,104
V000124,0,98,99,100,101,102,103,104
W000068,0,95,96,97,98,99,100,101,102,103,104
W000099,0,101,102,103,104,105,106,107,108,109,110
W000177,0,101,102,103
W000215,0,94,95,96,97,98,99,100,101,102,103,104,105,106,107,108,109,110,111,112,113
W000237,0,97,98,99,100,101,102
W000258,0,95,96,97,98,99,100,101,102
W000268,0,100,101,102,103,104,105,106,107,108,109
W000326,0,98,99,100,101,102,103
W000428,0,77,78,79,93,94,95,96,97,98,99,100,101,102,103
W000520,0,96,97,98,99,100,101,102,103,104
W000570,0,93,94,95,96,97,98,99,100,101,102,103,104
W000654,0,98,99,100,101,102,103,104,105,106
W000672,0,97,98,99,100,101,102,103,104,105,106,107,108,109,110,111,112,113
W000682,0,96,97,98,99,100,101,102
W000779,1,97,98,99,100,101,102,103,104
W000781,0,90,91,92,93,94,95,96,97,98,99,100,101,102
Y000013,0,81,82,83,84,85,86,87,89,90,91,92,93,94,95,96,97,98,99,100,101,102,103,104,105
Y000014,0,91,92,93,94,95,96,97,98,99,100,101,102
Y000031,0,92,93,94,95,96,97,98,99,100,101,102,103,104,105,106,107,108,109,110,111,112
Z000004,0,102,103,104
Z000008,0,102,103,104
B000013,0,103,104,105,106,107,108,109,110,111,112,113
B000028,0,103,104,105
B000078,0,103,104
B001226,0,103
B000134,0,103,104,105,106,107
B000151,0,103
B000177,0,103,104,105,106,107
B000208,0,103,104,105,106,107,108,109,110,111,112
B000287,0,103,104,105,106,107,108,109,110,111,112,113,114
B000576,0,103,104
B000617,0,103,104,105,106,107,108,109
B000944,1,103,104,105,106,107,108,109
B000911,0,103,104,105,106,107,108,109,110,111,112,113,114
B001203,0,103,104,105,106,107,108,109,110,111
B001213,0,103
C000107,0,103,104,105,106
C000127,1,103
C000243,0,103,104,105,106,107,108,109,110,111
C000494,0,102,103,104,105,106,107
C000640,0,103,104,105,106,107,108
C000767,0,103
C000880,1,103,104,105
D000046,0,103,104,105,106
D000168,0,103,104,105,106,107,108,109,110,111
D000275,0,103,104,105,106,107,108
D000299,0,103,104,105,106,107,108,109,110,111
D000312,0,103,104,105,106
D000549,0,103,104,105,106,107,108
E000092,0,103,104,105,106,107,108,109,110,111
E000186,0,103
E000268,0,103,104,105,106,107,108,109,110
F000030,0,103,104,105,106,107,108,109,110,111,112,113,114
F000110,0,103,104
F000116,0,103,104,105,106,107,108,109,110,111,112
F000128,0,103
F000328,0,103,104,105,106
F000349,0,103,104,105,106
F000434,0,103,104,105
G000289,0,103,104,105,106,107,108,109,110,111,112,113,114,115
G000367,1,103
G000410,0,103,104,105,106,107,108,109,110,111,112,113,114,115
G000439,0,103,104,105,106,107,108
G000535,0,103,104,105,106,107,108,109,110,111,112,113,114,115
H000096,0,103
H000213,0,103,104,105,107,108,109,110,111
H000324,0,103,104,105,106,107,108,109,110,111,112,113,114,115,116
H000621,0,103,104,105,106,107
H000627,0,103,104,105,106,107,108,109,110,111,112
H000676,0,103,104,105,106,107,108,109,110,111
H000707,0,103,104
H000712,0,103,104,105,106,107,108,109,110,111,112
H000789,0,103,104,105,106,107
H000912,0,103
H001015,1,103,104
I000023,0,103,104,105,109,110,111
I000026,0,103,106,107,108,109,110,111,112
I000047,0,103,104,105,106,107,108,109
J000120,0,103
K000181,0,103,104,105
K000210,0,103,104,105,106,107,108,109,110,111,112,113,114,115,116
K000220,0,103,104,105,106,107,108,109,110,111,112,113
K000262,0,103
K000270,0,103,104,105,106
K000288,0,103,104,105,106,107,108,109,110
K000328,0,103
L000096,0,103,104,105,106,107
L000155,0,103,104,105,106
L000267,0,103
L000293,0,103,104,105,106,107,108,109,110
L000035,1,103,104
L000321,0,103,104,105,106,107,108,109,110,111
M000100,0,103
M001138,0,103,104,105,106,107,108,109,110,111,112
M000129,0,103
M000466,0,103,104,105
M000472,0,103,104,105,106,107,108,109,110
M000477,0,103,104,105,106,107,108
M000508,0,103,104,105,106,107,108,109,110,111,112,113
M000523,0,103,104,105,106,107,109
M000627,0,103,104,105,106,107,108,109
M000628,0,103,104,105,106,107
M000639,1,103,104,105,106,107,108,109
M000689,0,103,104,105,106,107,108,109,110,111,112,113,114
M000720,0,103,104,105,106,107
M000795,0,103,104,105,106
P000419,0,103,104,105,106,107,108,109
P000422,0,103,104,105,106,107,108,109,110,111
P000449,1,103,104,105,106,107,108,109
P000555,0,103,104,105,106,107,108,109,110
Q000016,0,103,104,105,106,107,108
R000178,0,103,104
R000417,0,103,104,105,106
R000487,0,103,104,105,106,107,108,109,110,111,112,113,114,115
S000119,0,103
S000332,0,103
S000597,0,103,104,105,106,107,108
S001004,0,103,105,106,107,108,109
S001045,0,103,104,105,106,107,108,109,110,111
T000024,1,103,104,105,106
T000113,0,103,104,105
T000253,0,103,104,105,106,107
T000314,0,103,104
T000405,0,103,104
U000014,0,103,104,105,106,107
W000207,0,103,104,105,106,107,108,109,110,111,112,113
W000738,0,103,104,105,106,107,108,109,110,111,112
W000784,0,103,104,105,106,107,108,109,110
B000081,0,104,105,106,107
B000169,0,104,105,106,107
B000220,0,104,105,106,107,108,109,112
B000400,0,104,105,106,107
B000461,0,104,105,106,109,110,111,112
B000622,0,104,105
B000953,1,104
B000996,0,104,105,106,107
B001063,0,104
B001135,1,104,105,106,107,108
C000286,1,104,105,106,107
C000345,0,104,105,106
C000377,0,104,105
C000385,0,104
C000560,1,104,105,106
C000737,0,104
C000903,0,104
C000962,0,104,105,106,107,108,109,110
C000984,0,104,105,106,107,108,109,110,111,112,113,114,115
D000136,0,104,105,106,107,108,109,110
E000093,0,104,105,106,107
E000172,0,105,106,107,108,109,110,111,112
E000187,0,104,105,106,107,108,109,110
E000194,1,104,105
F000043,0,104,105,106,107,108,109,110,111,112,113,114
F000187,0,104
F000238,0,104,105,106,107,108,109
F000257,0,104,105,106
F000332,0,104,105
F000351,0,104
F000372,0,104,105,106,107,108,109,110,111,112,113,114,115
F000387,0,104
F000426,0,104
G000041,0,104,105,106,107
G000359,1,104,105,106,107
G000536,0,104,105,106,107,108,109
H000329,0,104,105,106,107,108,109,110,111,112,113
H000413,0,104,105,106,107,108,109
H000452,0,104
H000615,0,104,105,106,107
H000807,0,104,105,106,107,108,109
J000283,0,104,105,106,107,108,109,110,111,112
J000255,0,104,105,106,107,108,109,110,111,112,113,114,115
K000078,0,104,105,106,107,108,109
K000113,0,104,105,106,107,108,109,110,111
L000552,0,104,105,106,107,108,109,110
L000111,0,104,105,106,107,108,109,110,111,112,113
L000553,0,104,105,106,107,108,109,110,111,112
L000554,0,104,105,106,107,108,109,110,111,112,113,114,115
L000431,0,104
L000521,0,104,105,106,107
M000207,0,104
M000212,0,104,105,106,107
M000316,0,104,105,106,107,108
M000481,0,104,105,106
M000669,0,104,105,106
M000714,0,104,105,106,107,108,109
M001134,0,104,105,106,107,108,109,110,111,112
N000051,0,104,105,106,107,108
N000054,0,104,105
N000081,0,104,105,106,107,108,109
N000159,0,104,105,106,107,108,109
R000004,0,104,105,106,107,108,109,110,111
R000281,0,104,105,106,107
R000566,0,105,106,107,108,109
S000018,0,104,105,106,113,114
S000051,0,104,105,106,113,114,115
S000106,0,104,105,106
S000213,0,104
S000275,0,104,105,106,107,108,109,110,111
S000587,0,104,105
S001143,0,104,105,106,107,108,109,110,111
S000937,0,104,113
T000048,0,104
T000238,0,104,105,106,107,108,109,110,111,112,113,114,115,116
T000260,0,104,105,106,107,108,109,110,111
W000119,0,104,105,106,107,108,109,110,111
W000139,0,104
W000210,0,104,105,106,107
W000267,0,104,105,106,107,108,109,110
W000273,0,104,105,106,107,108,109,110
W000391,0,104,105
W000413,0,104,105,106,107,108,109,110,111,112,113,114
W000437,1,104,105,106,107,108,109
A000357,0,105,106,107,108,109,110
B000420,0,105,106,107,108,109,110,111
B000518,0,105,106,107
B000575,1,105,106,107,108,109,110,111
B001228,0,105,106,107,108,109,110,111,112
B000652,0,105,106,107,108,109,110,111,112
B000716,0,105,106,107,108,109,110,111
B001227,0,105,106,107,108,109,110,111,112,113,114,115
C000116,0,105,106,107,108,109,110
C000134,0,105
C001036,0,105,106,107,108,109,110,111,112,113,114
C000191,0,105,106,107,108,109
C000380,0,105,106,107,108,109,110,111,112,113
C000722,0,105,106
C000735,0,105,106,107
D000114,0,105,106,107,108,109
D000210,0,105,106,107,108,109,110,111
E000226,0,105,106,107,108,109,110,111
F000262,0,105,106,107,108,109
F000440,0,105,106,107,108,109,110
G000152,0,105,106,107,108,109
G000280,0,105,106,107,108,109,110
H000605,0,105,106
H000636,0,105,106,107,108,109,110,111,112,113,114
H000762,0,105,106,107,108,109,110
H000948,0,105,106,107,108,109,110
H001014,0,105,106
J000082,0,105,106,107,108,109
J000110,0,105,106,107,108
J000149,0,105
K000180,0,105,106,107,108,109,110,111
K000336,0,105,106,107,108,109,110,111,112
L000043,0,105,106,107,108,110
M000090,0,105,106,107
M000309,0,105,106,107,108,109,110,111,112,113
M000485,0,105,106,107,108,109,110,111,112,113
M000934,1,105,106,107,108,109,110,111
N000143,0,105,106,107,108,109
P000049,0,105
P000583,0,94,96,97,98,105,106,107,108,109,110,111,112
P000171,0,105,106
P000263,0,105,106,107,108,109,110
P000323,0,105,106,107,108,109,110
P000373,0,105,106,107,108,109,110,111,112,113,114
R000567,0,105
R000170,0,105,106,107,108,109,110,111,112
R000258,0,105,106,107
R000568,0,105,106,107,108,110,111
R000386,0,105,106
R000462,0,105,106,107,108,109,110,111,112
S000030,0,105,106,107,108,109,110,111,112,113,114
S000044,0,105,106,107,108
S000112,0,105,106,107
S000364,0,105,106,107,108,109,110,111,112,113,114,115,116
S000662,0,105
S000672,0,105,106,107,108,109,110,111
S000770,1,105,106
S001078,1,105,106,107
T000057,0,105,106,107,108,109,110
T000250,1,105,106,107
T000266,0,105,106,107,108,109,110,111,112,113
T000424,0,105,106,107,108
W000194,0,95,96,97,98,99,100,101,105,106,107
W000314,0,105,106,107,108,109,110,111
W000315,0,105,106
W000789,0,105,106,107,108,109,110
B001234,0,106,107,108,109,110,111,112
B001229,0,106,107,108,109,110,111
B001230,1,106,107,108,109,110,111,112
B001231,0,106,107,108,109,110,111,112
B001232,0,106,107,108,109,110,111,112
C001037,0,106,107,108,109,110,111,112,113,114,115
C001038,0,106,107,108,109,110,111,112,113,114,115
D000595,1,106,107,108
F000441,0,106,107
G000544,0,106,107,108,109,110,111,112
G000545,0,106,107,108,109
H001029,0,106,107,108,109,110
H001030,0,106,107,108,110,111
H001031,0,106,107,108
H001032,0,106,107,108,109,110,111,112,113
I000055,1,106,107,108
J000284,0,106,107,108,109,110
K000357,0,106
L000558,0,106,107,108
M001139,0,106,107,108,109,110,111,112,113
M001140,0,106,107,108,109,110,111
O000164,0,106,107,108
P000584,0,106,107
R000569,0,106,107,108,109,110
R000570,0,106,107,108,109,110,111,112,113,114,115
S001146,0,106,107,108,109
S001147,0,106,107
S001149,0,106,107,108,109
T000458,0,106,107,108,109,110
T000459,0,106,107,108,109,110,111,112,113
T000461,1,106,107,108
U000038,1,106,107,108,109,110
U000039,1,106,107,108,109,110
V000127,1,106,107,108
W000791,0,106,107,108,109,110,111,112,113,114,115,116
W000792,0,106,107,108,109,110,111
W000793,0,106,107,108,109,110,111
A000359,0,107,108
A000358,0,107,108,109,110,111,112
B001236,1,107,108,109,110,111
B001235,0,107,108,109,110,111
C001046,0,107,108,109,110,111,112,113
C001047,1,107,108,109,110,111,112,113
C001044,0,107,108
C001049,0,107,108,109,110,111,112,113,114,115,116
C001045,0,107,108,109,110,111,112,113,114
C001048,0,107,108,109,110,111,112,113,114,115
D000597,0,107,108,109
D000598,0,107,108,109,110,111,112,113,114,115,116
F000443,0,107,108,109,110
F000444,1,107,108,109,110,111,112
F000445,0,107,108,109,110,111,112,113,114
G000547,0,107
H001033,0,107,108,109
H001034,0,107,108,109,110,111,112,113,114
I000057,0,107,108,109,110,111,112,113,114
J000285,0,107,108,109,110,111,112
K000361,0,107,108,109,110
K000358,0,107,108,109
K000359,0,107
K000360,1,107,108,109,110,111
M001142,0,107,108,109,110,111,112,113
M001144,0,107,108,109,110,111,112,113,114
O000165,0,107,108,109
O000166,0,107,108,109
P000587,0,107,108,109,110,111,112
P000585,0,107,108,109,110,111,112
P000586,0,107,108,109,110,111
R000571,0,107,108,109,110,111,112
R000572,0,107,108,109,110,111,112,113
R000573,0,107,108,109,110,111,112
S001151,0,107,108
S001154,0,107,108,109,110,111,112,113,114,115
S001152,0,107,108,109
S001153,0,107,108,109,110
S001155,0,107,108,109,110,111,112
T000462,0,107,108,109,110,111,112,113,114,115
W000794,0,107,108,109,110,111
A000361,0,108,109,110,111,112
B001238,0,108
B001239,0,108,109,110,111
B001240,0,108,109
B001241,0,108
B001250,0,108,109,110,111,112,113,114,115,116
B001242,0,108,109,110,111,112,113
B001243,1,108,109,110,111,112,113,114,115
B001244,0,108,109,110,111,112
B001245,0,108,109,110,111,112,113,114,115
B001246,0,108,109
B001247,0,108,109,110,111
B001249,0,108
B001251,0,108,109,110,111,112,113,114,115,116
C001050,0,108,109,110,111,112
C001058,0,108,109,110,111,112
C001052,0,108,109
D000599,0,108,109,110,111
D000602,0,108,109,110,111
E000287,0,108,109,110
F000447,0,108,109,110
F000448,0,108,109,110,111,112,113,114
G000548,0,108,109,110,111,112,113,114
G000549,0,108,109,110,111,112,113
G000550,0,108,109,110,111,112,113
H001035,0,108,109
H001036,0,108,109,110,111,112,113,114,115
H001037,0,108,109,110,111
J000286,0,108
K000362,0,108,109,110,111,112,113,114,115,116
K000363,0,108,109,110,111,112,113,114
M001145,0,108
M001146,0,108,109,110,111
M001147,0,108,109,110,111,112
M001148,0,108,109,110,111
M001149,0,108,109,110,111,112,113
M001150,0,108,109,110,111,112,113,114
M001154,0,108,109,110,111,112
M001151,0,108,109,110,111,112,113,114
M001152,0,108,109,110
N000182,0,108,109,110,111,112,113,114
P000588,0,108,109,110,112,113,114,115
P000589,0,108,109,110
R000574,0,108,109,110
V000128,1,108,109,110,111,112,113,114
B001252,0,109,110,111,112,113
B001253,0,109,110,111
B001254,0,109,110,111,112
B001255,0,109,110,111,112,113,114
C001064,0,109,110,111,112,113
C001060,0,109,110,111,112
C001062,0,109,110,111,112,113,114,115,116
D000603,0,109,110,111,112
D000604,0,109,110,111,112,113,114,115
D000605,0,109,110
F000451,0,109,112,113,114
F000452,0,109,110
J000287,0,109,110
K000364,0,109,110
L000563,0,109,110,111,112,113,114,115,116
L000517,0,96,97,98,99,100,109,110,111,112
M001155,0,109,110,111,112
M001158,0,109,110,111,112,113,114,115,116
M001161,0,109,110,111
P000592,0,109,110,111,112,113,114,115
P000591,0,109,110,111,112,113,114
R000578,0,109,110,111,112,113,114,115
S001158,0,109,110,111
S001164,0,109,110,111,112
S001162,0,109,110,111,112,113
S001161,0,109
S001166,0,109
S001160,0,109
W000796,0,109,110,111,112,113,114
A000362,0,110,111,112
A000363,0,110,111
B001256,0,110,111,112,113
B001258,0,110
B001259,0,110,111,112,113
B001262,0,110,111,112,113
C001065,0,110,111
C001073,0,110
C001074,0,110,111
D000606,0,110
D000607,1,110,111,112
E000290,0,110,111,112,113,114
E000288,0,110,111,112,113,114,115
E000289,0,110,111
F000453,0,110,111
F000455,0,110,111,112,113,114,115,116
G000554,0,110,111,112
G000555,1,110
H001039,0,110,111
H001040,0,110,111
H001041,1,110,111
H001042,1,110,111,112
H001043,0,110,111
K000365,0,110,111
K000366,0,110,111
L000565,0,110,111,112,113,114,115,116
M001164,0,110
M001167,0,110,111
M001168,0,110,111
M001169,1,110,111,112
R000581,0,110,111,112
R000580,0,110,111,112,113,114,115
S001167,0,110
S001169,0,110,111
S001170,0,110,111,113,115
S001171,0,110,111,112
S001173,0,110,111
S001174,0,110,111,112
T000465,0,110,111,112,113,114,115
W000799,0,110,111,112,113,114,115
W000801,0,110,111
A000364,0,111
A000365,0,111,112
B001263,0,111
B001264,0,111
C001079,0,111
C001075,1,111,112,113
C001076,0,111,112,113,114
C001077,0,111,112,113,114,115
C001081,0,111,112
D000608,0,111
D000610,0,111,112,113,114,115,116
D000611,0,111
D000609,0,111
F000456,0,111,112,113,114
G000560,0,111,112,113,114,115
G000556,0,111,113,114
G000557,0,111
H001044,0,111
H001045,0,111,112,113,114,115
H001046,1,111,112
H001048,0,111,112,113,114,115,116
J000290,0,111,112,113,114,115
K000372,0,111
K000369,0,111,112
K000370,0,111
K000371,0,111
L000567,0,111,112,113,114,115
L000568,0,111
L000570,1,111,112,113,114,115,116
L000571,1,111,112,113,114
M001171,0,111,113
M001172,0,111
M001173,0,111
M001174,0,111
M001175,0,111
M001178,0,111
N000183,0,111
O000168,0,111,112,113,114,115,116
O000169,0,111,112,113
P000594,0,111,112,113,114,115
P000600,0,111
P000595,1,111,112,113
P000596,0,111,112,113,114
P000598,0,111,112,113,114,115
R000585,0,111,112,113,114,115,116
R000582,0,111,112,113,114,115,116
R000583,0,111,112,113,114,115
S001178,0,111
S001179,0,111,112,113
S001188,0,111,112,113,114
T000466,0,111
A000366,0,112
A000367,0,112,113,114,115,116
B001279,0,112,113
B001269,0,112,113,114,115
B001271,0,112,113,114
B001272,0,112
B001273,0,112,113,114,115
B001276,0,112
C001082,0,112
C001083,0,112,113,114
C001085,0,112
C001086,0,112
C001089,0,112
D000612,0,112,113,114,115
D000613,0,112,114
D000614,0,112,113,114,115
E000291,0,112,113,114
F000460,0,112,113,114,115
F000458,0,112,113,114
F000461,0,112,113,114,115,116
G000562,1,112,113
G000564,0,112,113,114
G000566,0,112,113,114,115
G000567,0,112,113
G000569,0,112,113
G000570,0,112,114
H001063,0,112,113,114
H001050,0,112,113,114,115
H001051,0,112,113,114
H001054,0,112
H001055,0,112,113,114
H001062,0,112
H001057,0,112,113,114
H001059,0,112,113,114,115
H001060,0,112,113,114
L000573,0,112,113,114,115
L000574,0,112
L000575,1,112,113
M001179,0,112,113,114,115
M001181,0,112,113,114,115
M001182,0,112,113,114
N000184,0,112,113,114,115
N000185,0,112,113,114
N000186,0,112,113
P000602,0,112,113,114
Q000024,0,112
R000586,0,112,113,114,115
R000587,0,112,113,114
R000588,0,112,113,114,115,116
R000589,0,112,113,114
R000590,0,112
R000591,0,112,113,114,115,116
R000592,0,112,113,114,115
R000593,0,112,113,114,115
R000594,0,112,113
S001182,0,112
S001184,1,112
S001186,0,112,113
S001187,0,112,113,114,115,116
T000470,0,112,113,114,115,116
T000471,0,112
W000811,0,112
W000807,0,112
W000810,0,112,113,114,115,116
Y000063,0,112,113,114,115
Y000064,1,112,113,114
B001280,0,113
B001290,0,113,114,115
B001283,0,113,114,115
B001284,0,113,114,115,116
B001289,0,113,114,115,116
C001102,0,113,114
C001092,0,113,114,115
C001093,0,113,114,115,116
C001094,0,113,114,115,116
C001095,1,113
C001096,1,113,114,115
D000618,1,113
D000620,0,113,114,115
D000621,0,113,114,115
D000622,1,113,114
E000292,0,113
E000293,0,113,114,115
G000571,0,113,114,115,116
G000572,0,113
G000573,0,113
H001064,0,113,114,115,116
H001065,0,113,114,115,116
J000296,0,113,114
K000379,0,113,114,115,116
L000580,0,113,114,115
M001192,0,113
M001187,0,113,114,115,116
M001189,0,113,114,115
M001191,0,113,114
N000187,0,113
N000127,0,94,95,96,113,114,115
O000170,0,113,114,115
P000606,0,113,114,115
R000596,0,113
R000598,0,113,114,115
S001191,1,113,114,115
Y000065,0,113,114,115,116
A000374,0,114,115,116
A000373,0,114
B001293,0,114,115
B001294,0,114,115
C001105,0,114,115
C001106,0,114,115
C001107,0,114,115
D000625,0,114,115
G000575,0,114
H001070,0,114
H001073,0,114,115,116
J000297,0,114,115
K000387,0,114,115
L000584,0,114,115
M001193,0,114,115
M001197,1,114,115
P000611,0,114,115
R000601,0,114,115,116
R000604,0,114,115
T000473,0,114
T000475,0,114,115
W000819,0,114,115,116
W000820,0,114,115
Y000066,0,114,115
Z000018,0,114
F000464,0,115
G000580,0,115
G000584,0,115,116
H001078,0,115
J000303,0,115
K000390,0,115
L000587,0,115
M001198,1,115,116
M001201,0,115,116
R000607,0,115,116
R000608,1,115
T000477,0,115
B001308,0,116
C001123,0,116
C001124,0,116
C001122,0,116
F000467,0,116
H001080,0,116
H001087,0,116
H001083,0,116
M001209,0,116
M001207,0,116
R000611,0,116
R000613,0,116
R000616,0,116
S001206,0,116
S001210,0,116
T000484,0,116
W000824,0,116
W000827,0,116
